model,image,threshold,tp,fp,fn,gt_pixels,pred_pixels,instances,iou,seconds
packaged,CFD_088.jpg,0.1,2385,16083,0,2385,18468,6,0.12914230019493178,0.06911420799588086
packaged,CFD_088.jpg,0.25,1822,913,563,2385,2735,3,0.5524560339599758,0.06911420799588086
packaged,CFD_088.jpg,0.5,295,130,2090,2385,425,1,0.1172962226640159,0.06911420799588086
packaged,CRACK500_20160222_164141_1_1081.jpg,0.1,5388,1394,2342,7730,6782,2,0.5905304690925033,0.06076724999729777
packaged,CRACK500_20160222_164141_1_1081.jpg,0.25,5388,1394,2342,7730,6782,2,0.5905304690925033,0.06076724999729777
packaged,CRACK500_20160222_164141_1_1081.jpg,0.5,0,0,7730,7730,0,0,0.0,0.06076724999729777
packaged,CRACK500_20160222_164822_641_361.jpg,0.1,4779,705,329,5108,5484,2,0.8221228281438155,0.062265540997032076
packaged,CRACK500_20160222_164822_641_361.jpg,0.25,4767,641,341,5108,5408,1,0.8291876848147504,0.062265540997032076
packaged,CRACK500_20160222_164822_641_361.jpg,0.5,4767,641,341,5108,5408,1,0.8291876848147504,0.062265540997032076
packaged,CRACK500_20160222_165218_641_1.jpg,0.1,1066,212,879,1945,1278,4,0.49420491423273066,0.06260158400255023
packaged,CRACK500_20160222_165218_641_1.jpg,0.25,0,0,1945,1945,0,0,0.0,0.06260158400255023
packaged,CRACK500_20160222_165218_641_1.jpg,0.5,0,0,1945,1945,0,0,0.0,0.06260158400255023
packaged,CRACK500_20160222_165256_641_1.jpg,0.1,1007,354,669,1676,1361,2,0.4960591133004926,0.06309350000083214
packaged,CRACK500_20160222_165256_641_1.jpg,0.25,625,238,1051,1676,863,1,0.3265412748171369,0.06309350000083214
packaged,CRACK500_20160222_165256_641_1.jpg,0.5,625,238,1051,1676,863,1,0.3265412748171369,0.06309350000083214
packaged,CRACK500_20160302_155925_641_361.jpg,0.1,1273,1045,129,1402,2318,2,0.5202288516550878,0.06089133299974492
packaged,CRACK500_20160302_155925_641_361.jpg,0.25,1273,1045,129,1402,2318,2,0.5202288516550878,0.06089133299974492
packaged,CRACK500_20160302_155925_641_361.jpg,0.5,1273,1045,129,1402,2318,2,0.5202288516550878,0.06089133299974492
packaged,CRACK500_20160303_092806_1_721.jpg,0.1,1782,761,177,1959,2543,1,0.6551470588235294,0.06234787499852246
packaged,CRACK500_20160303_092806_1_721.jpg,0.25,1782,761,177,1959,2543,1,0.6551470588235294,0.06234787499852246
packaged,CRACK500_20160303_092806_1_721.jpg,0.5,1782,761,177,1959,2543,1,0.6551470588235294,0.06234787499852246
packaged,CRACK500_20160306_104522_641_721.jpg,0.1,12316,590,965,13281,12906,1,0.8878956095450941,0.06243837499641813
packaged,CRACK500_20160306_104522_641_721.jpg,0.25,12316,590,965,13281,12906,1,0.8878956095450941,0.06243837499641813
packaged,CRACK500_20160306_104522_641_721.jpg,0.5,12316,590,965,13281,12906,1,0.8878956095450941,0.06243837499641813
packaged,CRACK500_20160307_145259_1_361.jpg,0.1,18821,2013,1333,20154,20834,1,0.8490549014300537,0.05986762500106124
packaged,CRACK500_20160307_145259_1_361.jpg,0.25,18821,2013,1333,20154,20834,1,0.8490549014300537,0.05986762500106124
packaged,CRACK500_20160307_145259_1_361.jpg,0.5,18821,2013,1333,20154,20834,1,0.8490549014300537,0.05986762500106124
packaged,CRACK500_20160307_163641_1921_361.jpg,0.1,6164,2130,3664,9828,8294,1,0.5154708145174779,0.060921207994397264
packaged,CRACK500_20160307_163641_1921_361.jpg,0.25,6164,2130,3664,9828,8294,1,0.5154708145174779,0.060921207994397264
packaged,CRACK500_20160307_163641_1921_361.jpg,0.5,0,0,9828,9828,0,0,0.0,0.060921207994397264
packaged,CRACK500_20160307_164226_1_721.jpg,0.1,7396,883,10867,18263,8279,5,0.3862947874229604,0.0611422500005574
packaged,CRACK500_20160307_164226_1_721.jpg,0.25,6666,739,11597,18263,7405,1,0.35080517840227343,0.0611422500005574
packaged,CRACK500_20160307_164226_1_721.jpg,0.5,0,0,18263,18263,0,0,0.0,0.0611422500005574
packaged,CRACK500_20160308_073245_641_1.jpg,0.1,1654,1072,304,1958,2726,2,0.5458745874587458,0.06193433299631579
packaged,CRACK500_20160308_073245_641_1.jpg,0.25,1654,1072,304,1958,2726,2,0.5458745874587458,0.06193433299631579
packaged,CRACK500_20160308_073245_641_1.jpg,0.5,0,0,1958,1958,0,0,0.0,0.06193433299631579
packaged,CRACK500_20160308_073356_641_1.jpg,0.1,7672,1196,4184,11856,8868,1,0.5878026356114006,0.0624262080018525
packaged,CRACK500_20160308_073356_641_1.jpg,0.25,7672,1196,4184,11856,8868,1,0.5878026356114006,0.0624262080018525
packaged,CRACK500_20160308_073356_641_1.jpg,0.5,7672,1196,4184,11856,8868,1,0.5878026356114006,0.0624262080018525
packaged,CRACK500_20160308_155737_1281_1.jpg,0.1,11156,3165,2810,13966,14321,3,0.6512170918218434,0.06355737499688985
packaged,CRACK500_20160308_155737_1281_1.jpg,0.25,11065,3107,2901,13966,14172,2,0.6480993381362385,0.06355737499688985
packaged,CRACK500_20160308_155737_1281_1.jpg,0.5,9955,2912,4011,13966,12867,1,0.5898210688470198,0.06355737499688985
packaged,CRACK500_20160308_160128_641_721.jpg,0.1,7585,2022,4031,11616,9607,6,0.5561665933421323,0.062313750000612345
packaged,CRACK500_20160308_160128_641_721.jpg,0.25,7494,1986,4122,11616,9480,2,0.5509483899426555,0.062313750000612345
packaged,CRACK500_20160308_160128_641_721.jpg,0.5,0,0,11616,11616,0,0,0.0,0.062313750000612345
packaged,CRACK500_20160310_114441_641_1.jpg,0.1,11954,23656,420,12374,35610,2,0.33177907299472664,0.061273250001249835
packaged,CRACK500_20160310_114441_641_1.jpg,0.25,11946,23540,428,12374,35486,1,0.33262794453416494,0.061273250001249835
packaged,CRACK500_20160310_114441_641_1.jpg,0.5,11946,23540,428,12374,35486,1,0.33262794453416494,0.061273250001249835
packaged,CRACK500_20160316_142009_1281_361.jpg,0.1,10566,4635,1364,11930,15201,1,0.637850890431633,0.05991550000180723
packaged,CRACK500_20160316_142009_1281_361.jpg,0.25,10566,4635,1364,11930,15201,1,0.637850890431633,0.05991550000180723
packaged,CRACK500_20160316_142009_1281_361.jpg,0.5,10566,4635,1364,11930,15201,1,0.637850890431633,0.05991550000180723
packaged,CRACK500_20160316_143547_1281_1081.jpg,0.1,2419,221,427,2846,2640,1,0.7887186175415716,0.06105616699642269
packaged,CRACK500_20160316_143547_1281_1081.jpg,0.25,2419,221,427,2846,2640,1,0.7887186175415716,0.06105616699642269
packaged,CRACK500_20160316_143547_1281_1081.jpg,0.5,2419,221,427,2846,2640,1,0.7887186175415716,0.06105616699642269
packaged,CRACK500_20160316_143629_1281_721.jpg,0.1,1081,25,1387,2468,1106,1,0.43361411953469714,0.060939667004277
packaged,CRACK500_20160316_143629_1281_721.jpg,0.25,1081,25,1387,2468,1106,1,0.43361411953469714,0.060939667004277
packaged,CRACK500_20160316_143629_1281_721.jpg,0.5,0,0,2468,2468,0,0,0.0,0.060939667004277
packaged,CRACK500_20160321_185518_1_721.jpg,0.1,2789,1419,802,3591,4208,2,0.556686626746507,0.060497374994156417
packaged,CRACK500_20160321_185518_1_721.jpg,0.25,2789,1419,802,3591,4208,2,0.556686626746507,0.060497374994156417
packaged,CRACK500_20160321_185518_1_721.jpg,0.5,0,0,3591,3591,0,0,0.0,0.060497374994156417
packaged,CRACK500_20160328_150820_641_361.jpg,0.1,929,333,10,939,1262,2,0.7303459119496856,0.06123687500075903
packaged,CRACK500_20160328_150820_641_361.jpg,0.25,925,193,14,939,1118,1,0.8171378091872792,0.06123687500075903
packaged,CRACK500_20160328_150820_641_361.jpg,0.5,0,0,939,939,0,0,0.0,0.06123687500075903
packaged,CRACK500_20160328_151244_641_721.jpg,0.1,39879,4172,5806,45685,44051,1,0.799867621397196,0.0595187500002794
packaged,CRACK500_20160328_151244_641_721.jpg,0.25,39879,4172,5806,45685,44051,1,0.799867621397196,0.0595187500002794
packaged,CRACK500_20160328_151244_641_721.jpg,0.5,39879,4172,5806,45685,44051,1,0.799867621397196,0.0595187500002794
packaged,CRACK500_20160328_151413_1_361.jpg,0.1,19780,6049,2007,21787,25829,1,0.7105906020980026,0.06197816600615624
packaged,CRACK500_20160328_151413_1_361.jpg,0.25,19780,6049,2007,21787,25829,1,0.7105906020980026,0.06197816600615624
packaged,CRACK500_20160328_151413_1_361.jpg,0.5,19780,6049,2007,21787,25829,1,0.7105906020980026,0.06197816600615624
packaged,CRACK500_20160328_153404_641_721.jpg,0.1,31619,5609,2641,34260,37228,1,0.7930723118212145,0.06296233399916673
packaged,CRACK500_20160328_153404_641_721.jpg,0.25,31619,5609,2641,34260,37228,1,0.7930723118212145,0.06296233399916673
packaged,CRACK500_20160328_153404_641_721.jpg,0.5,31619,5609,2641,34260,37228,1,0.7930723118212145,0.06296233399916673
packaged,CRACK500_20160328_153536_641_1081.jpg,0.1,7214,5014,8926,16140,12228,2,0.34102297437836815,0.05984583400277188
packaged,CRACK500_20160328_153536_641_1081.jpg,0.25,0,0,16140,16140,0,0,0.0,0.05984583400277188
packaged,CRACK500_20160328_153536_641_1081.jpg,0.5,0,0,16140,16140,0,0,0.0,0.05984583400277188
packaged,CRACK500_20160328_153553_1281_721.jpg,0.1,12682,1707,1315,13997,14389,2,0.8075649516046867,0.06156291700608563
packaged,CRACK500_20160328_153553_1281_721.jpg,0.25,12551,1586,1446,13997,14137,1,0.805428993133543,0.06156291700608563
packaged,CRACK500_20160328_153553_1281_721.jpg,0.5,12551,1586,1446,13997,14137,1,0.805428993133543,0.06156291700608563
packaged,CRACK500_20160328_153556_1_361.jpg,0.1,13583,2766,742,14325,16349,3,0.794745772628869,0.06008470799861243
packaged,CRACK500_20160328_153556_1_361.jpg,0.25,488,264,13837,14325,752,1,0.03344985948317225,0.06008470799861243
packaged,CRACK500_20160328_153556_1_361.jpg,0.5,0,0,14325,14325,0,0,0.0,0.06008470799861243
packaged,CRACK500_20160328_153706_1921_1.jpg,0.1,14946,4004,2777,17723,18950,3,0.6878998481152483,0.06128549999993993
packaged,CRACK500_20160328_153706_1921_1.jpg,0.25,14946,4004,2777,17723,18950,3,0.6878998481152483,0.06128549999993993
packaged,CRACK500_20160328_153706_1921_1.jpg,0.5,14467,3723,3256,17723,18190,2,0.6745780098852933,0.06128549999993993
packaged,CRACK500_20160329_094010_641_721.jpg,0.1,7835,3166,136,7971,11001,1,0.7035108197898896,0.06025104099535383
packaged,CRACK500_20160329_094010_641_721.jpg,0.25,7835,3166,136,7971,11001,1,0.7035108197898896,0.06025104099535383
packaged,CRACK500_20160329_094010_641_721.jpg,0.5,7835,3166,136,7971,11001,1,0.7035108197898896,0.06025104099535383
packaged,CRACK500_20160329_101503_641_721.jpg,0.1,17590,3671,3796,21386,21261,4,0.7019994412738955,0.06311579199973494
packaged,CRACK500_20160329_101503_641_721.jpg,0.25,14907,2794,6479,21386,17701,3,0.6165012406947891,0.06311579199973494
packaged,CRACK500_20160329_101503_641_721.jpg,0.5,13286,2412,8100,21386,15698,1,0.558282208588957,0.06311579199973494
packaged,CRACK500_20160329_104120_1_721.jpg,0.1,8770,1589,3684,12454,10359,5,0.6245104322438225,0.062129582998750266
packaged,CRACK500_20160329_104120_1_721.jpg,0.25,5956,1089,6498,12454,7045,3,0.4397843904600162,0.062129582998750266
packaged,CRACK500_20160329_104120_1_721.jpg,0.5,1535,337,10919,12454,1872,1,0.12000625439762333,0.062129582998750266
packaged,CRACK500_20160329_104152_641_721.jpg,0.1,12452,3223,1590,14042,15675,1,0.7212279177526788,0.061128875000576954
packaged,CRACK500_20160329_104152_641_721.jpg,0.25,12452,3223,1590,14042,15675,1,0.7212279177526788,0.061128875000576954
packaged,CRACK500_20160329_104152_641_721.jpg,0.5,12452,3223,1590,14042,15675,1,0.7212279177526788,0.061128875000576954
packaged,CRACK500_20160329_115529_1_721.jpg,0.1,22079,1757,11060,33139,23836,1,0.6327086198991289,0.06510916700062808
packaged,CRACK500_20160329_115529_1_721.jpg,0.25,22079,1757,11060,33139,23836,1,0.6327086198991289,0.06510916700062808
packaged,CRACK500_20160329_115529_1_721.jpg,0.5,22079,1757,11060,33139,23836,1,0.6327086198991289,0.06510916700062808
packaged,CRACK500_20160330_163725_641_1081.jpg,0.1,5619,1388,1248,6867,7007,8,0.6806783767413689,0.0628613749940996
packaged,CRACK500_20160330_163725_641_1081.jpg,0.25,5573,1350,1294,6867,6923,3,0.6782280637702325,0.0628613749940996
packaged,CRACK500_20160330_163725_641_1081.jpg,0.5,4099,950,2768,6867,5049,1,0.5243699629013688,0.0628613749940996
packaged,CRACK500_20160330_165333_1921_1081.jpg,0.1,0,0,1704,1704,0,0,0.0,0.06041374999767868
packaged,CRACK500_20160330_165333_1921_1081.jpg,0.25,0,0,1704,1704,0,0,0.0,0.06041374999767868
packaged,CRACK500_20160330_165333_1921_1081.jpg,0.5,0,0,1704,1704,0,0,0.0,0.06041374999767868
packaged,CRACK500_20160330_165644_641_1081.jpg,0.1,805,284,1839,2644,1089,1,0.274931693989071,0.060871875000884756
packaged,CRACK500_20160330_165644_641_1081.jpg,0.25,805,284,1839,2644,1089,1,0.274931693989071,0.060871875000884756
packaged,CRACK500_20160330_165644_641_1081.jpg,0.5,0,0,2644,2644,0,0,0.0,0.060871875000884756
packaged,CRACK500_20160330_170014_641_721.jpg,0.1,539,1905,1294,1833,2444,2,0.1441947565543071,0.0598665829966194
packaged,CRACK500_20160330_170014_641_721.jpg,0.25,539,1905,1294,1833,2444,2,0.1441947565543071,0.0598665829966194
packaged,CRACK500_20160330_170014_641_721.jpg,0.5,539,1905,1294,1833,2444,2,0.1441947565543071,0.0598665829966194
packaged,CRACK500_20160330_170308_1921_361.jpg,0.1,14264,505,3412,17676,14769,1,0.7845553049887245,0.061137457996665034
packaged,CRACK500_20160330_170308_1921_361.jpg,0.25,14264,505,3412,17676,14769,1,0.7845553049887245,0.061137457996665034
packaged,CRACK500_20160330_170308_1921_361.jpg,0.5,14264,505,3412,17676,14769,1,0.7845553049887245,0.061137457996665034
packaged,CRACK500_20160402_150110_1281_361.jpg,0.1,4765,655,544,5309,5420,1,0.7989604292421194,0.06088608400023077
packaged,CRACK500_20160402_150110_1281_361.jpg,0.25,4765,655,544,5309,5420,1,0.7989604292421194,0.06088608400023077
packaged,CRACK500_20160402_150110_1281_361.jpg,0.5,4765,655,544,5309,5420,1,0.7989604292421194,0.06088608400023077
packaged,CRACK500_20160402_150300_1281_721.jpg,0.1,11407,2478,2178,13585,13885,1,0.7101413185581772,0.06072354199568508
packaged,CRACK500_20160402_150300_1281_721.jpg,0.25,11407,2478,2178,13585,13885,1,0.7101413185581772,0.06072354199568508
packaged,CRACK500_20160402_150300_1281_721.jpg,0.5,11407,2478,2178,13585,13885,1,0.7101413185581772,0.06072354199568508
packaged,CRACK500_20160402_151054_1281_361.jpg,0.1,5026,845,12,5038,5871,1,0.8543260241373449,0.05933220899896696
packaged,CRACK500_20160402_151054_1281_361.jpg,0.25,5026,845,12,5038,5871,1,0.8543260241373449,0.05933220899896696
packaged,CRACK500_20160402_151054_1281_361.jpg,0.5,5026,845,12,5038,5871,1,0.8543260241373449,0.05933220899896696
packaged,CRACK500_20160407_163515_1281_721.jpg,0.1,13050,2115,1845,14895,15165,1,0.7671957671957672,0.06164008299674606
packaged,CRACK500_20160407_163515_1281_721.jpg,0.25,13050,2115,1845,14895,15165,1,0.7671957671957672,0.06164008299674606
packaged,CRACK500_20160407_163515_1281_721.jpg,0.5,13050,2115,1845,14895,15165,1,0.7671957671957672,0.06164008299674606
packaged,CRACK500_20160407_165001_641_1081.jpg,0.1,975,880,886,1861,1855,4,0.3557095950383072,0.06263104099343764
packaged,CRACK500_20160407_165001_641_1081.jpg,0.25,605,116,1256,1861,721,2,0.3060192210419828,0.06263104099343764
packaged,CRACK500_20160407_165001_641_1081.jpg,0.5,0,0,1861,1861,0,0,0.0,0.06263104099343764
packaged,DeepCrack_11165-2.jpg,0.1,2,0,2161,2163,2,1,0.0009246417013407304,0.06024866699590348
packaged,DeepCrack_11165-2.jpg,0.25,0,0,2163,2163,0,0,0.0,0.06024866699590348
packaged,DeepCrack_11165-2.jpg,0.5,0,0,2163,2163,0,0,0.0,0.06024866699590348
packaged,DeepCrack_11165.jpg,0.1,0,0,1989,1989,0,0,0.0,0.05886537499463884
packaged,DeepCrack_11165.jpg,0.25,0,0,1989,1989,0,0,0.0,0.05886537499463884
packaged,DeepCrack_11165.jpg,0.5,0,0,1989,1989,0,0,0.0,0.05886537499463884
packaged,DeepCrack_11188.jpg,0.1,2024,9029,40,2064,11053,1,0.18245740557108087,0.061788416001945734
packaged,DeepCrack_11188.jpg,0.25,0,0,2064,2064,0,0,0.0,0.061788416001945734
packaged,DeepCrack_11188.jpg,0.5,0,0,2064,2064,0,0,0.0,0.061788416001945734
packaged,DeepCrack_11197-4.jpg,0.1,3199,453,2493,5692,3652,7,0.5205858421480879,0.06158716599748004
packaged,DeepCrack_11197-4.jpg,0.25,3194,438,2498,5692,3632,5,0.5210440456769984,0.06158716599748004
packaged,DeepCrack_11197-4.jpg,0.5,0,0,5692,5692,0,0,0.0,0.06158716599748004
packaged,DeepCrack_11218-3.jpg,0.1,9836,516,467,10303,10352,1,0.9091413254459747,0.0604115840033046
packaged,DeepCrack_11218-3.jpg,0.25,9836,516,467,10303,10352,1,0.9091413254459747,0.0604115840033046
packaged,DeepCrack_11218-3.jpg,0.5,9836,516,467,10303,10352,1,0.9091413254459747,0.0604115840033046
packaged,DeepCrack_11269-1.jpg,0.1,4415,728,985,5400,5143,8,0.7204634464751958,0.062104999997245613
packaged,DeepCrack_11269-1.jpg,0.25,4390,708,1010,5400,5098,5,0.7187295350360183,0.062104999997245613
packaged,DeepCrack_11269-1.jpg,0.5,4330,687,1070,5400,5017,3,0.7113520617709873,0.062104999997245613
packaged,DeepCrack_11294.jpg,0.1,2503,2648,395,2898,5151,3,0.45131626397403535,0.059931208001216874
packaged,DeepCrack_11294.jpg,0.25,2434,2364,464,2898,4798,2,0.46256176358798934,0.059931208001216874
packaged,DeepCrack_11294.jpg,0.5,517,190,2381,2898,707,1,0.16742227979274613,0.059931208001216874
packaged,DeepCrack_IMG33-16.jpg,0.1,2879,1136,771,3650,4015,1,0.6015461763476807,0.060365290999470744
packaged,DeepCrack_IMG33-16.jpg,0.25,2879,1136,771,3650,4015,1,0.6015461763476807,0.060365290999470744
packaged,DeepCrack_IMG33-16.jpg,0.5,2879,1136,771,3650,4015,1,0.6015461763476807,0.060365290999470744
packaged,DeepCrack_IMG_6537-1.jpg,0.1,4478,1154,669,5147,5632,6,0.7106808443104269,0.06464670799323358
packaged,DeepCrack_IMG_6537-1.jpg,0.25,4477,1154,670,5147,5631,5,0.7105221393429615,0.06464670799323358
packaged,DeepCrack_IMG_6537-1.jpg,0.5,4021,1012,1126,5147,5033,2,0.6528657249553499,0.06464670799323358
packaged,GAPS384_train_0698_1_641.jpg,0.1,1189,314,1683,2872,1503,3,0.3731952291274325,0.061673040996538475
packaged,GAPS384_train_0698_1_641.jpg,0.25,420,98,2452,2872,518,1,0.1414141414141414,0.061673040996538475
packaged,GAPS384_train_0698_1_641.jpg,0.5,0,0,2872,2872,0,0,0.0,0.061673040996538475
packaged,GAPS384_train_0799_541_1.jpg,0.1,1362,959,194,1556,2321,7,0.5415506958250497,0.06137375000253087
packaged,GAPS384_train_0799_541_1.jpg,0.25,305,199,1251,1556,504,1,0.1737891737891738,0.06137375000253087
packaged,GAPS384_train_0799_541_1.jpg,0.5,0,0,1556,1556,0,0,0.0,0.06137375000253087
packaged,GAPS384_train_1128_541_1.jpg,0.1,0,0,3036,3036,0,0,0.0,0.06063170799461659
packaged,GAPS384_train_1128_541_1.jpg,0.25,0,0,3036,3036,0,0,0.0,0.06063170799461659
packaged,GAPS384_train_1128_541_1.jpg,0.5,0,0,3036,3036,0,0,0.0,0.06063170799461659
packaged,Rissbilder_for_Florian_9S6A2783_96_1214_3516_4173.jpg,0.1,5446,3249,1924,7370,8695,5,0.5128543177323666,0.06293970799742965
packaged,Rissbilder_for_Florian_9S6A2783_96_1214_3516_4173.jpg,0.25,5446,3249,1924,7370,8695,5,0.5128543177323666,0.06293970799742965
packaged,Rissbilder_for_Florian_9S6A2783_96_1214_3516_4173.jpg,0.5,5446,3249,1924,7370,8695,5,0.5128543177323666,0.06293970799742965
packaged,Rissbilder_for_Florian_9S6A2785_493_901_3299_3768.jpg,0.1,6630,6205,2970,9600,12835,33,0.4194875039544448,0.0713980000000447
packaged,Rissbilder_for_Florian_9S6A2785_493_901_3299_3768.jpg,0.25,5496,4349,4104,9600,9845,15,0.394006738834325,0.0713980000000447
packaged,Rissbilder_for_Florian_9S6A2785_493_901_3299_3768.jpg,0.5,4618,3205,4982,9600,7823,9,0.3606403748535728,0.0713980000000447
packaged,Rissbilder_for_Florian_9S6A2787_38_553_3789_4026.jpg,0.1,7057,4565,2073,9130,11622,2,0.5152975538517707,0.05992400000104681
packaged,Rissbilder_for_Florian_9S6A2787_38_553_3789_4026.jpg,0.25,7057,4565,2073,9130,11622,2,0.5152975538517707,0.05992400000104681
packaged,Rissbilder_for_Florian_9S6A2787_38_553_3789_4026.jpg,0.5,7057,4565,2073,9130,11622,2,0.5152975538517707,0.05992400000104681
packaged,Rissbilder_for_Florian_9S6A2796_360_1209_3312_4152.jpg,0.1,6199,3925,1651,7850,10124,1,0.5264543524416135,0.06004779200156918
packaged,Rissbilder_for_Florian_9S6A2796_360_1209_3312_4152.jpg,0.25,6199,3925,1651,7850,10124,1,0.5264543524416135,0.06004779200156918
packaged,Rissbilder_for_Florian_9S6A2796_360_1209_3312_4152.jpg,0.5,6199,3925,1651,7850,10124,1,0.5264543524416135,0.06004779200156918
packaged,Rissbilder_for_Florian_9S6A2798_697_1777_2994_3062.jpg,0.1,6753,3810,2217,8970,10563,4,0.5284037558685446,0.06048570800339803
packaged,Rissbilder_for_Florian_9S6A2798_697_1777_2994_3062.jpg,0.25,6460,3445,2510,8970,9905,3,0.5203383004430124,0.06048570800339803
packaged,Rissbilder_for_Florian_9S6A2798_697_1777_2994_3062.jpg,0.5,6460,3210,2510,8970,9670,2,0.5303776683087028,0.06048570800339803
packaged,Rissbilder_for_Florian_9S6A2800_195_2531_3219_2684.jpg,0.1,2639,1633,460,3099,4272,3,0.5576923076923077,0.06093091699585784
packaged,Rissbilder_for_Florian_9S6A2800_195_2531_3219_2684.jpg,0.25,2637,1627,462,3099,4264,2,0.5579771476936098,0.06093091699585784
packaged,Rissbilder_for_Florian_9S6A2800_195_2531_3219_2684.jpg,0.5,2403,1442,696,3099,3845,1,0.5291785950231227,0.06093091699585784
packaged,Rissbilder_for_Florian_9S6A2802_631_103_2560_2012.jpg,0.1,4479,1417,1291,5770,5896,2,0.6232085710310282,0.05996354200033238
packaged,Rissbilder_for_Florian_9S6A2802_631_103_2560_2012.jpg,0.25,4479,1417,1291,5770,5896,2,0.6232085710310282,0.05996354200033238
packaged,Rissbilder_for_Florian_9S6A2802_631_103_2560_2012.jpg,0.5,4479,1417,1291,5770,5896,2,0.6232085710310282,0.05996354200033238
packaged,Rissbilder_for_Florian_9S6A2806_368_348_2093_2759.jpg,0.1,5575,3442,2952,8527,9017,6,0.46578661542317656,0.062666874997376
packaged,Rissbilder_for_Florian_9S6A2806_368_348_2093_2759.jpg,0.25,5575,3442,2952,8527,9017,6,0.46578661542317656,0.062666874997376
packaged,Rissbilder_for_Florian_9S6A2806_368_348_2093_2759.jpg,0.5,4635,2504,3892,8527,7139,4,0.420179494152842,0.062666874997376
packaged,Rissbilder_for_Florian_9S6A2815_1237_159_3590_2891.jpg,0.1,2450,1574,622,3072,4024,1,0.5273353422298752,0.06030429200473009
packaged,Rissbilder_for_Florian_9S6A2815_1237_159_3590_2891.jpg,0.25,2450,1574,622,3072,4024,1,0.5273353422298752,0.06030429200473009
packaged,Rissbilder_for_Florian_9S6A2815_1237_159_3590_2891.jpg,0.5,2450,1574,622,3072,4024,1,0.5273353422298752,0.06030429200473009
packaged,Rissbilder_for_Florian_9S6A2816_113_51_3722_4201.jpg,0.1,2120,1616,566,2686,3736,1,0.49279404927940496,0.06030741699942155
packaged,Rissbilder_for_Florian_9S6A2816_113_51_3722_4201.jpg,0.25,2120,1616,566,2686,3736,1,0.49279404927940496,0.06030741699942155
packaged,Rissbilder_for_Florian_9S6A2816_113_51_3722_4201.jpg,0.5,2120,1616,566,2686,3736,1,0.49279404927940496,0.06030741699942155
packaged,Rissbilder_for_Florian_9S6A2816_1644_2004_1934_2558.jpg,0.1,2887,1254,662,3549,4141,1,0.6010826566729127,0.06045124999945983
packaged,Rissbilder_for_Florian_9S6A2816_1644_2004_1934_2558.jpg,0.25,2887,1254,662,3549,4141,1,0.6010826566729127,0.06045124999945983
packaged,Rissbilder_for_Florian_9S6A2816_1644_2004_1934_2558.jpg,0.5,2887,1254,662,3549,4141,1,0.6010826566729127,0.06045124999945983
packaged,Rissbilder_for_Florian_9S6A2826_65_1595_3304_2654.jpg,0.1,3491,1902,990,4481,5393,1,0.5469215102616325,0.06014008399506565
packaged,Rissbilder_for_Florian_9S6A2826_65_1595_3304_2654.jpg,0.25,3491,1902,990,4481,5393,1,0.5469215102616325,0.06014008399506565
packaged,Rissbilder_for_Florian_9S6A2826_65_1595_3304_2654.jpg,0.5,3491,1902,990,4481,5393,1,0.5469215102616325,0.06014008399506565
packaged,Rissbilder_for_Florian_9S6A2830_715_2986_2996_2571.jpg,0.1,2809,1577,660,3469,4386,3,0.5566785572730876,0.06092749999515945
packaged,Rissbilder_for_Florian_9S6A2830_715_2986_2996_2571.jpg,0.25,2809,1577,660,3469,4386,3,0.5566785572730876,0.06092749999515945
packaged,Rissbilder_for_Florian_9S6A2830_715_2986_2996_2571.jpg,0.5,2809,1577,660,3469,4386,3,0.5566785572730876,0.06092749999515945
packaged,Rissbilder_for_Florian_9S6A2841_217_2299_3214_2878.jpg,0.1,4365,2603,954,5319,6968,3,0.5509972229235042,0.061318499996559694
packaged,Rissbilder_for_Florian_9S6A2841_217_2299_3214_2878.jpg,0.25,4365,2603,954,5319,6968,3,0.5509972229235042,0.061318499996559694
packaged,Rissbilder_for_Florian_9S6A2841_217_2299_3214_2878.jpg,0.5,4333,2588,986,5319,6921,1,0.5479954470722145,0.061318499996559694
packaged,Rissbilder_for_Florian_9S6A2842_321_767_3019_3008.jpg,0.1,3347,1904,751,4098,5251,1,0.5576474508497168,0.06132929200248327
packaged,Rissbilder_for_Florian_9S6A2842_321_767_3019_3008.jpg,0.25,3347,1904,751,4098,5251,1,0.5576474508497168,0.06132929200248327
packaged,Rissbilder_for_Florian_9S6A2842_321_767_3019_3008.jpg,0.5,3347,1904,751,4098,5251,1,0.5576474508497168,0.06132929200248327
packaged,Rissbilder_for_Florian_9S6A2842_635_1731_1931_2541.jpg,0.1,2859,879,835,3694,3738,1,0.6251913404767111,0.061634541998500936
packaged,Rissbilder_for_Florian_9S6A2842_635_1731_1931_2541.jpg,0.25,2859,879,835,3694,3738,1,0.6251913404767111,0.061634541998500936
packaged,Rissbilder_for_Florian_9S6A2842_635_1731_1931_2541.jpg,0.5,2859,879,835,3694,3738,1,0.6251913404767111,0.061634541998500936
packaged,Rissbilder_for_Florian_9S6A2858_24_161_2934_2248.jpg,0.1,0,0,0,0,0,0,,0.061248624995641876
packaged,Rissbilder_for_Florian_9S6A2858_24_161_2934_2248.jpg,0.25,0,0,0,0,0,0,,0.061248624995641876
packaged,Rissbilder_for_Florian_9S6A2858_24_161_2934_2248.jpg,0.5,0,0,0,0,0,0,,0.061248624995641876
packaged,Rissbilder_for_Florian_9S6A2860_2652_869_3027_2537.jpg,0.1,4022,1834,1211,5233,5856,2,0.5691240979199095,0.06304479199752677
packaged,Rissbilder_for_Florian_9S6A2860_2652_869_3027_2537.jpg,0.25,4022,1834,1211,5233,5856,2,0.5691240979199095,0.06304479199752677
packaged,Rissbilder_for_Florian_9S6A2860_2652_869_3027_2537.jpg,0.5,4022,1834,1211,5233,5856,2,0.5691240979199095,0.06304479199752677
packaged,Rissbilder_for_Florian_9S6A2863_423_3163_2502_2009.jpg,0.1,4922,1713,1376,6298,6635,1,0.6144051928598178,0.06225945799815236
packaged,Rissbilder_for_Florian_9S6A2863_423_3163_2502_2009.jpg,0.25,4922,1713,1376,6298,6635,1,0.6144051928598178,0.06225945799815236
packaged,Rissbilder_for_Florian_9S6A2863_423_3163_2502_2009.jpg,0.5,4922,1713,1376,6298,6635,1,0.6144051928598178,0.06225945799815236
packaged,Rissbilder_for_Florian_9S6A2864_0_0_3840_5760.jpg,0.1,1911,1955,490,2401,3866,1,0.43870523415977963,0.06017333299678285
packaged,Rissbilder_for_Florian_9S6A2864_0_0_3840_5760.jpg,0.25,1911,1955,490,2401,3866,1,0.43870523415977963,0.06017333299678285
packaged,Rissbilder_for_Florian_9S6A2864_0_0_3840_5760.jpg,0.5,1911,1955,490,2401,3866,1,0.43870523415977963,0.06017333299678285
packaged,Rissbilder_for_Florian_9S6A2865_415_206_2924_3039.jpg,0.1,2351,1092,686,3037,3443,1,0.5693872608379753,0.062124750002112705
packaged,Rissbilder_for_Florian_9S6A2865_415_206_2924_3039.jpg,0.25,2351,1092,686,3037,3443,1,0.5693872608379753,0.062124750002112705
packaged,Rissbilder_for_Florian_9S6A2865_415_206_2924_3039.jpg,0.5,2351,1092,686,3037,3443,1,0.5693872608379753,0.062124750002112705
packaged,Rissbilder_for_Florian_9S6A2888_133_918_3617_3712.jpg,0.1,3746,2331,921,4667,6077,1,0.535295798799657,0.06492137500026729
packaged,Rissbilder_for_Florian_9S6A2888_133_918_3617_3712.jpg,0.25,3746,2331,921,4667,6077,1,0.535295798799657,0.06492137500026729
packaged,Rissbilder_for_Florian_9S6A2888_133_918_3617_3712.jpg,0.5,3746,2331,921,4667,6077,1,0.535295798799657,0.06492137500026729
packaged,Rissbilder_for_Florian_9S6A2895_46_163_3635_3331.jpg,0.1,2606,2046,603,3209,4652,1,0.4959086584205519,0.06201554199651582
packaged,Rissbilder_for_Florian_9S6A2895_46_163_3635_3331.jpg,0.25,2606,2046,603,3209,4652,1,0.4959086584205519,0.06201554199651582
packaged,Rissbilder_for_Florian_9S6A2895_46_163_3635_3331.jpg,0.5,2606,2046,603,3209,4652,1,0.4959086584205519,0.06201554199651582
packaged,Rissbilder_for_Florian_9S6A2914_864_1519_2861_3089.jpg,0.1,7070,4311,2068,9138,11381,7,0.5256896423525913,0.06238454100093804
packaged,Rissbilder_for_Florian_9S6A2914_864_1519_2861_3089.jpg,0.25,7053,4273,2085,9138,11326,6,0.5259115651330997,0.06238454100093804
packaged,Rissbilder_for_Florian_9S6A2914_864_1519_2861_3089.jpg,0.5,3383,1907,5755,9138,5290,3,0.30629244001810774,0.06238454100093804
packaged,Rissbilder_for_Florian_9S6A2916_2449_405_2485_3276.jpg,0.1,4003,2436,1266,5269,6439,1,0.5195327709279689,0.06199920799554093
packaged,Rissbilder_for_Florian_9S6A2916_2449_405_2485_3276.jpg,0.25,4003,2436,1266,5269,6439,1,0.5195327709279689,0.06199920799554093
packaged,Rissbilder_for_Florian_9S6A2916_2449_405_2485_3276.jpg,0.5,4003,2436,1266,5269,6439,1,0.5195327709279689,0.06199920799554093
packaged,Rissbilder_for_Florian_9S6A3087_146_59_3684_4477.jpg,0.1,6775,4373,2139,8914,11148,2,0.5098968916986528,0.0612353750038892
packaged,Rissbilder_for_Florian_9S6A3087_146_59_3684_4477.jpg,0.25,6775,4373,2139,8914,11148,2,0.5098968916986528,0.0612353750038892
packaged,Rissbilder_for_Florian_9S6A3087_146_59_3684_4477.jpg,0.5,6775,4373,2139,8914,11148,2,0.5098968916986528,0.0612353750038892
packaged,Rissbilder_for_Florian_9S6A3094_17_1195_3751_3661.jpg,0.1,4374,2895,1503,5877,7269,5,0.49863201094391246,0.062185833005059976
packaged,Rissbilder_for_Florian_9S6A3094_17_1195_3751_3661.jpg,0.25,4373,2890,1504,5877,7263,4,0.49880232690772214,0.062185833005059976
packaged,Rissbilder_for_Florian_9S6A3094_17_1195_3751_3661.jpg,0.5,4373,2890,1504,5877,7263,4,0.49880232690772214,0.062185833005059976
packaged,Rissbilder_for_Florian_9S6A3098_1300_3220_2283_2309.jpg,0.1,3476,1342,944,4420,4818,1,0.6032627559875043,0.06454200000007404
packaged,Rissbilder_for_Florian_9S6A3098_1300_3220_2283_2309.jpg,0.25,3476,1342,944,4420,4818,1,0.6032627559875043,0.06454200000007404
packaged,Rissbilder_for_Florian_9S6A3098_1300_3220_2283_2309.jpg,0.5,3476,1342,944,4420,4818,1,0.6032627559875043,0.06454200000007404
packaged,Rissbilder_for_Florian_9S6A3100_765_387_2677_2632.jpg,0.1,3331,1706,857,4188,5037,1,0.5651510010179844,0.06168624999554595
packaged,Rissbilder_for_Florian_9S6A3100_765_387_2677_2632.jpg,0.25,3331,1706,857,4188,5037,1,0.5651510010179844,0.06168624999554595
packaged,Rissbilder_for_Florian_9S6A3100_765_387_2677_2632.jpg,0.5,3331,1706,857,4188,5037,1,0.5651510010179844,0.06168624999554595
packaged,Rissbilder_for_Florian_9S6A3105_186_619_3616_4246.jpg,0.1,3862,2603,1146,5008,6465,2,0.5074234660360005,0.06006087500281865
packaged,Rissbilder_for_Florian_9S6A3105_186_619_3616_4246.jpg,0.25,3862,2603,1146,5008,6465,2,0.5074234660360005,0.06006087500281865
packaged,Rissbilder_for_Florian_9S6A3105_186_619_3616_4246.jpg,0.5,3201,2101,1807,5008,5302,1,0.4502743001828668,0.06006087500281865
packaged,Rissbilder_for_Florian_9S6A3111_42_1509_3500_3908.jpg,0.1,7390,5151,1510,8900,12541,1,0.5259412141484592,0.060149040997202974
packaged,Rissbilder_for_Florian_9S6A3111_42_1509_3500_3908.jpg,0.25,7390,5151,1510,8900,12541,1,0.5259412141484592,0.060149040997202974
packaged,Rissbilder_for_Florian_9S6A3111_42_1509_3500_3908.jpg,0.5,7390,5151,1510,8900,12541,1,0.5259412141484592,0.060149040997202974
packaged,Rissbilder_for_Florian_9S6A3120_875_1120_2089_2571.jpg,0.1,3450,1326,885,4335,4776,1,0.6094329623741388,0.059725084000092465
packaged,Rissbilder_for_Florian_9S6A3120_875_1120_2089_2571.jpg,0.25,3450,1326,885,4335,4776,1,0.6094329623741388,0.059725084000092465
packaged,Rissbilder_for_Florian_9S6A3120_875_1120_2089_2571.jpg,0.5,3450,1326,885,4335,4776,1,0.6094329623741388,0.059725084000092465
packaged,Rissbilder_for_Florian_9S6A3121_408_826_2841_3663.jpg,0.1,5492,3340,1972,7464,8832,1,0.5083302480562755,0.06069637500331737
packaged,Rissbilder_for_Florian_9S6A3121_408_826_2841_3663.jpg,0.25,5492,3340,1972,7464,8832,1,0.5083302480562755,0.06069637500331737
packaged,Rissbilder_for_Florian_9S6A3121_408_826_2841_3663.jpg,0.5,5492,3340,1972,7464,8832,1,0.5083302480562755,0.06069637500331737
packaged,Rissbilder_for_Florian_9S6A3130_190_1907_3510_2920.jpg,0.1,3471,2040,945,4416,5511,1,0.537639405204461,0.05938858300214633
packaged,Rissbilder_for_Florian_9S6A3130_190_1907_3510_2920.jpg,0.25,3471,2040,945,4416,5511,1,0.537639405204461,0.05938858300214633
packaged,Rissbilder_for_Florian_9S6A3130_190_1907_3510_2920.jpg,0.5,3471,2040,945,4416,5511,1,0.537639405204461,0.05938858300214633
packaged,Rissbilder_for_Florian_9S6A3130_741_2592_3069_3082.jpg,0.1,2873,1490,834,3707,4363,1,0.5528189340003848,0.06013195899868151
packaged,Rissbilder_for_Florian_9S6A3130_741_2592_3069_3082.jpg,0.25,2873,1490,834,3707,4363,1,0.5528189340003848,0.06013195899868151
packaged,Rissbilder_for_Florian_9S6A3130_741_2592_3069_3082.jpg,0.5,2873,1490,834,3707,4363,1,0.5528189340003848,0.06013195899868151
packaged,Rissbilder_for_Florian_9S6A3134_76_855_3718_4555.jpg,0.1,2385,2355,484,2869,4740,2,0.4565467075038285,0.059983459002978634
packaged,Rissbilder_for_Florian_9S6A3134_76_855_3718_4555.jpg,0.25,2385,2355,484,2869,4740,1,0.4565467075038285,0.059983459002978634
packaged,Rissbilder_for_Florian_9S6A3134_76_855_3718_4555.jpg,0.5,2385,2355,484,2869,4740,1,0.4565467075038285,0.059983459002978634
packaged,Sylvie_Chambon_062.jpg,0.1,3235,0,14742,17977,3235,1,0.17995216109473217,0.060420000001613516
packaged,Sylvie_Chambon_062.jpg,0.25,3235,0,14742,17977,3235,1,0.17995216109473217,0.060420000001613516
packaged,Sylvie_Chambon_062.jpg,0.5,3235,0,14742,17977,3235,1,0.17995216109473217,0.060420000001613516
packaged,Volker_DSC01610_123_687_1549_1614.jpg,0.1,5962,2133,726,6688,8095,1,0.6758870876317877,0.060014916001819074
packaged,Volker_DSC01610_123_687_1549_1614.jpg,0.25,5962,2133,726,6688,8095,1,0.6758870876317877,0.060014916001819074
packaged,Volker_DSC01610_123_687_1549_1614.jpg,0.5,5962,2133,726,6688,8095,1,0.6758870876317877,0.060014916001819074
packaged,Volker_DSC01628_0_0_1824_2736.jpg,0.1,4015,1364,953,4968,5379,1,0.6340808591282375,0.06246283300424693
packaged,Volker_DSC01628_0_0_1824_2736.jpg,0.25,4015,1364,953,4968,5379,1,0.6340808591282375,0.06246283300424693
packaged,Volker_DSC01628_0_0_1824_2736.jpg,0.5,4015,1364,953,4968,5379,1,0.6340808591282375,0.06246283300424693
packaged,Volker_DSC01628_628_1158_1128_1084.jpg,0.1,4831,478,2216,7047,5309,1,0.6419933554817275,0.05986020799900871
packaged,Volker_DSC01628_628_1158_1128_1084.jpg,0.25,4831,478,2216,7047,5309,1,0.6419933554817275,0.05986020799900871
packaged,Volker_DSC01628_628_1158_1128_1084.jpg,0.5,4831,478,2216,7047,5309,1,0.6419933554817275,0.05986020799900871
packaged,Volker_DSC01634_192_653_1400_1605.jpg,0.1,10853,3849,1424,12277,14702,2,0.6730125263549547,0.06173004199808929
packaged,Volker_DSC01634_192_653_1400_1605.jpg,0.25,10853,3849,1424,12277,14702,2,0.6730125263549547,0.06173004199808929
packaged,Volker_DSC01634_192_653_1400_1605.jpg,0.5,10853,3849,1424,12277,14702,2,0.6730125263549547,0.06173004199808929
packaged,Volker_DSC01634_193_315_1605_1896.jpg,0.1,9888,4787,951,10839,14675,2,0.632791501343914,0.0596476669961703
packaged,Volker_DSC01634_193_315_1605_1896.jpg,0.25,9888,4787,951,10839,14675,2,0.632791501343914,0.0596476669961703
packaged,Volker_DSC01634_193_315_1605_1896.jpg,0.5,9888,4787,951,10839,14675,2,0.632791501343914,0.0596476669961703
packaged,Volker_DSC01636_1084_9_1476_1810.jpg,0.1,6033,2490,573,6606,8523,1,0.6632585751978892,0.061389415997837204
packaged,Volker_DSC01636_1084_9_1476_1810.jpg,0.25,6033,2490,573,6606,8523,1,0.6632585751978892,0.061389415997837204
packaged,Volker_DSC01636_1084_9_1476_1810.jpg,0.5,6033,2490,573,6606,8523,1,0.6632585751978892,0.061389415997837204
packaged,Volker_DSC01641_437_407_1733_1413.jpg,0.1,8410,3386,841,9251,11796,1,0.6655060536519743,0.06106125000223983
packaged,Volker_DSC01641_437_407_1733_1413.jpg,0.25,8410,3386,841,9251,11796,1,0.6655060536519743,0.06106125000223983
packaged,Volker_DSC01641_437_407_1733_1413.jpg,0.5,8410,3386,841,9251,11796,1,0.6655060536519743,0.06106125000223983
packaged,Volker_DSC01643_1311_276_1242_1009.jpg,0.1,7458,1280,1120,8578,8738,1,0.7565429093122337,0.06017137500020908
packaged,Volker_DSC01643_1311_276_1242_1009.jpg,0.25,7458,1280,1120,8578,8738,1,0.7565429093122337,0.06017137500020908
packaged,Volker_DSC01643_1311_276_1242_1009.jpg,0.5,7458,1280,1120,8578,8738,1,0.7565429093122337,0.06017137500020908
packaged,Volker_DSC01652_699_100_1925_1592.jpg,0.1,5891,1875,888,6779,7766,1,0.6807256759879824,0.06423312500555767
packaged,Volker_DSC01652_699_100_1925_1592.jpg,0.25,5891,1875,888,6779,7766,1,0.6807256759879824,0.06423312500555767
packaged,Volker_DSC01652_699_100_1925_1592.jpg,0.5,5891,1875,888,6779,7766,1,0.6807256759879824,0.06423312500555767
packaged,Volker_DSC01658_167_371_1635_1643.jpg,0.1,5576,1821,875,6451,7397,1,0.6740812379110251,0.06086887499986915
packaged,Volker_DSC01658_167_371_1635_1643.jpg,0.25,5576,1821,875,6451,7397,1,0.6740812379110251,0.06086887499986915
packaged,Volker_DSC01658_167_371_1635_1643.jpg,0.5,5576,1821,875,6451,7397,1,0.6740812379110251,0.06086887499986915
packaged,Volker_DSC01670_3_833_1821_1836.jpg,0.1,5813,3267,491,6304,9080,3,0.6073555532337269,0.060594541995669715
packaged,Volker_DSC01670_3_833_1821_1836.jpg,0.25,5813,3267,491,6304,9080,3,0.6073555532337269,0.060594541995669715
packaged,Volker_DSC01670_3_833_1821_1836.jpg,0.5,1860,704,4444,6304,2564,1,0.2654109589041096,0.060594541995669715
packaged,Volker_DSC01677_26_956_1697_1698.jpg,0.1,8437,4538,629,9066,12975,1,0.6201852396354014,0.06123062499682419
packaged,Volker_DSC01677_26_956_1697_1698.jpg,0.25,8437,4538,629,9066,12975,1,0.6201852396354014,0.06123062499682419
packaged,Volker_DSC01677_26_956_1697_1698.jpg,0.5,8437,4538,629,9066,12975,1,0.6201852396354014,0.06123062499682419
packaged,Volker_DSC01685_252_569_1566_2047.jpg,0.1,4809,1910,563,5372,6719,1,0.6603954957429278,0.060156332998303697
packaged,Volker_DSC01685_252_569_1566_2047.jpg,0.25,4809,1910,563,5372,6719,1,0.6603954957429278,0.060156332998303697
packaged,Volker_DSC01685_252_569_1566_2047.jpg,0.5,4809,1910,563,5372,6719,1,0.6603954957429278,0.060156332998303697
packaged,Volker_DSC01687_256_1075_1494_1234.jpg,0.1,6182,1938,825,7007,8120,1,0.6911123532699832,0.058866833001957275
packaged,Volker_DSC01687_256_1075_1494_1234.jpg,0.25,6182,1938,825,7007,8120,1,0.6911123532699832,0.058866833001957275
packaged,Volker_DSC01687_256_1075_1494_1234.jpg,0.5,6182,1938,825,7007,8120,1,0.6911123532699832,0.058866833001957275
packaged,Volker_DSC01693_1323_467_1353_1116.jpg,0.1,7154,1094,1266,8420,8248,1,0.751944502837923,0.06182075000106124
packaged,Volker_DSC01693_1323_467_1353_1116.jpg,0.25,7154,1094,1266,8420,8248,1,0.751944502837923,0.06182075000106124
packaged,Volker_DSC01693_1323_467_1353_1116.jpg,0.5,7154,1094,1266,8420,8248,1,0.751944502837923,0.06182075000106124
packaged,Volker_DSC01707_44_131_1757_2144.jpg,0.1,3899,1605,789,4688,5504,2,0.6195773081201335,0.06013908299792092
packaged,Volker_DSC01707_44_131_1757_2144.jpg,0.25,3899,1605,789,4688,5504,2,0.6195773081201335,0.06013908299792092
packaged,Volker_DSC01707_44_131_1757_2144.jpg,0.5,3899,1605,789,4688,5504,2,0.6195773081201335,0.06013908299792092
packaged,cracktree200_6234.jpg,0.1,0,0,589,589,0,0,0.0,0.060882917001436
packaged,cracktree200_6234.jpg,0.25,0,0,589,589,0,0,0.0,0.060882917001436
packaged,cracktree200_6234.jpg,0.5,0,0,589,589,0,0,0.0,0.060882917001436
packaged,cracktree200_6243.jpg,0.1,0,0,1944,1944,0,0,0.0,0.06757041700620903
packaged,cracktree200_6243.jpg,0.25,0,0,1944,1944,0,0,0.0,0.06757041700620903
packaged,cracktree200_6243.jpg,0.5,0,0,1944,1944,0,0,0.0,0.06757041700620903
packaged,cracktree200_6266.jpg,0.1,0,0,547,547,0,0,0.0,0.06055291600205237
packaged,cracktree200_6266.jpg,0.25,0,0,547,547,0,0,0.0,0.06055291600205237
packaged,cracktree200_6266.jpg,0.5,0,0,547,547,0,0,0.0,0.06055291600205237
packaged,forest_006.jpg,0.1,2231,2405,34,2265,4636,2,0.4777301927194861,0.06017387499741744
packaged,forest_006.jpg,0.25,2216,2392,49,2265,4608,1,0.47584281726433325,0.06017387499741744
packaged,forest_006.jpg,0.5,0,0,2265,2265,0,0,0.0,0.06017387499741744
packaged,forest_048.jpg,0.1,2061,8506,375,2436,10567,1,0.1883567903491135,0.060709916993801016
packaged,forest_048.jpg,0.25,2061,8506,375,2436,10567,1,0.1883567903491135,0.060709916993801016
packaged,forest_048.jpg,0.5,2061,8506,375,2436,10567,1,0.1883567903491135,0.060709916993801016
packaged,noncrack_noncrack_concrete_wall_12_3.jpg.jpg,0.1,0,0,0,0,0,0,,0.06094504100474296
packaged,noncrack_noncrack_concrete_wall_12_3.jpg.jpg,0.25,0,0,0,0,0,0,,0.06094504100474296
packaged,noncrack_noncrack_concrete_wall_12_3.jpg.jpg,0.5,0,0,0,0,0,0,,0.06094504100474296
packaged,noncrack_noncrack_concrete_wall_12_9.jpg.jpg,0.1,0,0,0,0,0,0,,0.062259000005724374
packaged,noncrack_noncrack_concrete_wall_12_9.jpg.jpg,0.25,0,0,0,0,0,0,,0.062259000005724374
packaged,noncrack_noncrack_concrete_wall_12_9.jpg.jpg,0.5,0,0,0,0,0,0,,0.062259000005724374
packaged,noncrack_noncrack_concrete_wall_18_19.jpg.jpg,0.1,0,0,0,0,0,0,,0.05963083399547031
packaged,noncrack_noncrack_concrete_wall_18_19.jpg.jpg,0.25,0,0,0,0,0,0,,0.05963083399547031
packaged,noncrack_noncrack_concrete_wall_18_19.jpg.jpg,0.5,0,0,0,0,0,0,,0.05963083399547031
packaged,noncrack_noncrack_concrete_wall_20_1.jpg.jpg,0.1,0,0,0,0,0,0,,0.06280120900191832
packaged,noncrack_noncrack_concrete_wall_20_1.jpg.jpg,0.25,0,0,0,0,0,0,,0.06280120900191832
packaged,noncrack_noncrack_concrete_wall_20_1.jpg.jpg,0.5,0,0,0,0,0,0,,0.06280120900191832
packaged,noncrack_noncrack_concrete_wall_20_32.jpg.jpg,0.1,0,0,0,0,0,0,,0.06717645900062053
packaged,noncrack_noncrack_concrete_wall_20_32.jpg.jpg,0.25,0,0,0,0,0,0,,0.06717645900062053
packaged,noncrack_noncrack_concrete_wall_20_32.jpg.jpg,0.5,0,0,0,0,0,0,,0.06717645900062053
packaged,noncrack_noncrack_concrete_wall_40_5.jpg.jpg,0.1,0,0,0,0,0,0,,0.11646016700251494
packaged,noncrack_noncrack_concrete_wall_40_5.jpg.jpg,0.25,0,0,0,0,0,0,,0.11646016700251494
packaged,noncrack_noncrack_concrete_wall_40_5.jpg.jpg,0.5,0,0,0,0,0,0,,0.11646016700251494
packaged,noncrack_noncrack_concrete_wall_41_48.jpg.jpg,0.1,0,0,0,0,0,0,,0.06119129100261489
packaged,noncrack_noncrack_concrete_wall_41_48.jpg.jpg,0.25,0,0,0,0,0,0,,0.06119129100261489
packaged,noncrack_noncrack_concrete_wall_41_48.jpg.jpg,0.5,0,0,0,0,0,0,,0.06119129100261489
packaged,noncrack_noncrack_concrete_wall_43_34.jpg.jpg,0.1,0,0,0,0,0,0,,0.060764082998503
packaged,noncrack_noncrack_concrete_wall_43_34.jpg.jpg,0.25,0,0,0,0,0,0,,0.060764082998503
packaged,noncrack_noncrack_concrete_wall_43_34.jpg.jpg,0.5,0,0,0,0,0,0,,0.060764082998503
packaged,noncrack_noncrack_concrete_wall_46_8.jpg.jpg,0.1,0,0,0,0,0,0,,0.06180266700539505
packaged,noncrack_noncrack_concrete_wall_46_8.jpg.jpg,0.25,0,0,0,0,0,0,,0.06180266700539505
packaged,noncrack_noncrack_concrete_wall_46_8.jpg.jpg,0.5,0,0,0,0,0,0,,0.06180266700539505
packaged,noncrack_noncrack_concrete_wall_49_4.jpg.jpg,0.1,0,0,0,0,0,0,,0.06057895800040569
packaged,noncrack_noncrack_concrete_wall_49_4.jpg.jpg,0.25,0,0,0,0,0,0,,0.06057895800040569
packaged,noncrack_noncrack_concrete_wall_49_4.jpg.jpg,0.5,0,0,0,0,0,0,,0.06057895800040569
packaged,noncrack_noncrack_concrete_wall_75_0.jpg.jpg,0.1,0,0,0,0,0,0,,0.05917695799871581
packaged,noncrack_noncrack_concrete_wall_75_0.jpg.jpg,0.25,0,0,0,0,0,0,,0.05917695799871581
packaged,noncrack_noncrack_concrete_wall_75_0.jpg.jpg,0.5,0,0,0,0,0,0,,0.05917695799871581
packaged,noncrack_noncrack_concrete_wall_75_24.jpg.jpg,0.1,0,0,0,0,0,0,,0.05840383399481652
packaged,noncrack_noncrack_concrete_wall_75_24.jpg.jpg,0.25,0,0,0,0,0,0,,0.05840383399481652
packaged,noncrack_noncrack_concrete_wall_75_24.jpg.jpg,0.5,0,0,0,0,0,0,,0.05840383399481652
packaged,noncrack_noncrack_concrete_wall_76_22.jpg.jpg,0.1,0,0,0,0,0,0,,0.056407916999887675
packaged,noncrack_noncrack_concrete_wall_76_22.jpg.jpg,0.25,0,0,0,0,0,0,,0.056407916999887675
packaged,noncrack_noncrack_concrete_wall_76_22.jpg.jpg,0.5,0,0,0,0,0,0,,0.056407916999887675
packaged,noncrack_noncrack_concrete_wall_76_5.jpg.jpg,0.1,0,0,0,0,0,0,,0.05758058400533628
packaged,noncrack_noncrack_concrete_wall_76_5.jpg.jpg,0.25,0,0,0,0,0,0,,0.05758058400533628
packaged,noncrack_noncrack_concrete_wall_76_5.jpg.jpg,0.5,0,0,0,0,0,0,,0.05758058400533628
packaged,noncrack_noncrack_concrete_wall_93_5.jpg.jpg,0.1,0,0,0,0,0,0,,0.056696667001233436
packaged,noncrack_noncrack_concrete_wall_93_5.jpg.jpg,0.25,0,0,0,0,0,0,,0.056696667001233436
packaged,noncrack_noncrack_concrete_wall_93_5.jpg.jpg,0.5,0,0,0,0,0,0,,0.056696667001233436
local_epoch1,CFD_088.jpg,0.1,1942,3257,443,2385,5199,3,0.34420418291386035,0.06642441599979065
local_epoch1,CFD_088.jpg,0.25,1942,3257,443,2385,5199,2,0.34420418291386035,0.06642441599979065
local_epoch1,CFD_088.jpg,0.5,0,0,2385,2385,0,0,0.0,0.06642441599979065
local_epoch1,CRACK500_20160222_164141_1_1081.jpg,0.1,5723,2462,2007,7730,8185,1,0.5615188383045526,0.06254949999856763
local_epoch1,CRACK500_20160222_164141_1_1081.jpg,0.25,5723,2462,2007,7730,8185,1,0.5615188383045526,0.06254949999856763
local_epoch1,CRACK500_20160222_164141_1_1081.jpg,0.5,5723,2462,2007,7730,8185,1,0.5615188383045526,0.06254949999856763
local_epoch1,CRACK500_20160222_164822_641_361.jpg,0.1,4657,1724,451,5108,6381,1,0.6816451990632318,0.06432708299689693
local_epoch1,CRACK500_20160222_164822_641_361.jpg,0.25,0,0,5108,5108,0,0,0.0,0.06432708299689693
local_epoch1,CRACK500_20160222_164822_641_361.jpg,0.5,0,0,5108,5108,0,0,0.0,0.06432708299689693
local_epoch1,CRACK500_20160222_165218_641_1.jpg,0.1,0,0,1945,1945,0,0,0.0,0.06378320800286019
local_epoch1,CRACK500_20160222_165218_641_1.jpg,0.25,0,0,1945,1945,0,0,0.0,0.06378320800286019
local_epoch1,CRACK500_20160222_165218_641_1.jpg,0.5,0,0,1945,1945,0,0,0.0,0.06378320800286019
local_epoch1,CRACK500_20160222_165256_641_1.jpg,0.1,0,0,1676,1676,0,0,0.0,0.06396083300205646
local_epoch1,CRACK500_20160222_165256_641_1.jpg,0.25,0,0,1676,1676,0,0,0.0,0.06396083300205646
local_epoch1,CRACK500_20160222_165256_641_1.jpg,0.5,0,0,1676,1676,0,0,0.0,0.06396083300205646
local_epoch1,CRACK500_20160302_155925_641_361.jpg,0.1,815,719,587,1402,1534,2,0.38425271098538427,0.06301674999849638
local_epoch1,CRACK500_20160302_155925_641_361.jpg,0.25,808,689,594,1402,1497,1,0.3864179818268771,0.06301674999849638
local_epoch1,CRACK500_20160302_155925_641_361.jpg,0.5,0,0,1402,1402,0,0,0.0,0.06301674999849638
local_epoch1,CRACK500_20160303_092806_1_721.jpg,0.1,1867,1173,92,1959,3040,1,0.5961047254150702,0.06350704099895665
local_epoch1,CRACK500_20160303_092806_1_721.jpg,0.25,1867,1173,92,1959,3040,1,0.5961047254150702,0.06350704099895665
local_epoch1,CRACK500_20160303_092806_1_721.jpg,0.5,1867,1173,92,1959,3040,1,0.5961047254150702,0.06350704099895665
local_epoch1,CRACK500_20160306_104522_641_721.jpg,0.1,12764,1868,517,13281,14632,3,0.8425638656016898,0.06562825000582961
local_epoch1,CRACK500_20160306_104522_641_721.jpg,0.25,12691,1861,590,13281,14552,2,0.8381323471139875,0.06562825000582961
local_epoch1,CRACK500_20160306_104522_641_721.jpg,0.5,0,0,13281,13281,0,0,0.0,0.06562825000582961
local_epoch1,CRACK500_20160307_145259_1_361.jpg,0.1,18691,3359,1463,20154,22050,1,0.7949219580657508,0.06134158300119452
local_epoch1,CRACK500_20160307_145259_1_361.jpg,0.25,18691,3359,1463,20154,22050,1,0.7949219580657508,0.06134158300119452
local_epoch1,CRACK500_20160307_145259_1_361.jpg,0.5,0,0,20154,20154,0,0,0.0,0.06134158300119452
local_epoch1,CRACK500_20160307_163641_1921_361.jpg,0.1,0,0,9828,9828,0,0,0.0,0.05842049999773735
local_epoch1,CRACK500_20160307_163641_1921_361.jpg,0.25,0,0,9828,9828,0,0,0.0,0.05842049999773735
local_epoch1,CRACK500_20160307_163641_1921_361.jpg,0.5,0,0,9828,9828,0,0,0.0,0.05842049999773735
local_epoch1,CRACK500_20160307_164226_1_721.jpg,0.1,16480,19159,1783,18263,35639,1,0.44038266260488484,0.060785999994550366
local_epoch1,CRACK500_20160307_164226_1_721.jpg,0.25,0,0,18263,18263,0,0,0.0,0.060785999994550366
local_epoch1,CRACK500_20160307_164226_1_721.jpg,0.5,0,0,18263,18263,0,0,0.0,0.060785999994550366
local_epoch1,CRACK500_20160308_073245_641_1.jpg,0.1,1233,268,725,1958,1501,2,0.5539083557951483,0.05970687500666827
local_epoch1,CRACK500_20160308_073245_641_1.jpg,0.25,1028,235,930,1958,1263,1,0.4687642498860009,0.05970687500666827
local_epoch1,CRACK500_20160308_073245_641_1.jpg,0.5,0,0,1958,1958,0,0,0.0,0.05970687500666827
local_epoch1,CRACK500_20160308_073356_641_1.jpg,0.1,407,142,11449,11856,549,1,0.033922320386731125,0.061716249998426065
local_epoch1,CRACK500_20160308_073356_641_1.jpg,0.25,0,0,11856,11856,0,0,0.0,0.061716249998426065
local_epoch1,CRACK500_20160308_073356_641_1.jpg,0.5,0,0,11856,11856,0,0,0.0,0.061716249998426065
local_epoch1,CRACK500_20160308_155737_1281_1.jpg,0.1,8339,1525,5627,13966,9864,2,0.5383125685882125,0.05905433299631113
local_epoch1,CRACK500_20160308_155737_1281_1.jpg,0.25,0,0,13966,13966,0,0,0.0,0.05905433299631113
local_epoch1,CRACK500_20160308_155737_1281_1.jpg,0.5,0,0,13966,13966,0,0,0.0,0.05905433299631113
local_epoch1,CRACK500_20160308_160128_641_721.jpg,0.1,9091,3456,2525,11616,12547,3,0.6031714437367304,0.06167812499916181
local_epoch1,CRACK500_20160308_160128_641_721.jpg,0.25,8880,3456,2736,11616,12336,2,0.589171974522293,0.06167812499916181
local_epoch1,CRACK500_20160308_160128_641_721.jpg,0.5,0,0,11616,11616,0,0,0.0,0.06167812499916181
local_epoch1,CRACK500_20160310_114441_641_1.jpg,0.1,5851,1257,6523,12374,7108,2,0.4292421685863106,0.06131108399858931
local_epoch1,CRACK500_20160310_114441_641_1.jpg,0.25,0,0,12374,12374,0,0,0.0,0.06131108399858931
local_epoch1,CRACK500_20160310_114441_641_1.jpg,0.5,0,0,12374,12374,0,0,0.0,0.06131108399858931
local_epoch1,CRACK500_20160316_142009_1281_361.jpg,0.1,4475,1828,7455,11930,6303,2,0.325265300188981,0.06274212500284193
local_epoch1,CRACK500_20160316_142009_1281_361.jpg,0.25,0,0,11930,11930,0,0,0.0,0.06274212500284193
local_epoch1,CRACK500_20160316_142009_1281_361.jpg,0.5,0,0,11930,11930,0,0,0.0,0.06274212500284193
local_epoch1,CRACK500_20160316_143547_1281_1081.jpg,0.1,2566,379,280,2846,2945,2,0.7956589147286822,0.06734045899793273
local_epoch1,CRACK500_20160316_143547_1281_1081.jpg,0.25,2566,374,280,2846,2940,1,0.7968944099378882,0.06734045899793273
local_epoch1,CRACK500_20160316_143547_1281_1081.jpg,0.5,2566,374,280,2846,2940,1,0.7968944099378882,0.06734045899793273
local_epoch1,CRACK500_20160316_143629_1281_721.jpg,0.1,1300,62,1168,2468,1362,1,0.5138339920948617,0.061433208000380546
local_epoch1,CRACK500_20160316_143629_1281_721.jpg,0.25,1300,62,1168,2468,1362,1,0.5138339920948617,0.061433208000380546
local_epoch1,CRACK500_20160316_143629_1281_721.jpg,0.5,0,0,2468,2468,0,0,0.0,0.061433208000380546
local_epoch1,CRACK500_20160321_185518_1_721.jpg,0.1,0,0,3591,3591,0,0,0.0,0.061797917005605996
local_epoch1,CRACK500_20160321_185518_1_721.jpg,0.25,0,0,3591,3591,0,0,0.0,0.061797917005605996
local_epoch1,CRACK500_20160321_185518_1_721.jpg,0.5,0,0,3591,3591,0,0,0.0,0.061797917005605996
local_epoch1,CRACK500_20160328_150820_641_361.jpg,0.1,874,148,65,939,1022,1,0.8040478380864765,0.06122450000111712
local_epoch1,CRACK500_20160328_150820_641_361.jpg,0.25,874,148,65,939,1022,1,0.8040478380864765,0.06122450000111712
local_epoch1,CRACK500_20160328_150820_641_361.jpg,0.5,0,0,939,939,0,0,0.0,0.06122450000111712
local_epoch1,CRACK500_20160328_151244_641_721.jpg,0.1,0,0,45685,45685,0,0,0.0,0.0589380000019446
local_epoch1,CRACK500_20160328_151244_641_721.jpg,0.25,0,0,45685,45685,0,0,0.0,0.0589380000019446
local_epoch1,CRACK500_20160328_151244_641_721.jpg,0.5,0,0,45685,45685,0,0,0.0,0.0589380000019446
local_epoch1,CRACK500_20160328_151413_1_361.jpg,0.1,19425,5405,2362,21787,24830,2,0.7143645189761695,0.061095625002053566
local_epoch1,CRACK500_20160328_151413_1_361.jpg,0.25,19406,5343,2381,21787,24749,1,0.7152967194987099,0.061095625002053566
local_epoch1,CRACK500_20160328_151413_1_361.jpg,0.5,19406,5343,2381,21787,24749,1,0.7152967194987099,0.061095625002053566
local_epoch1,CRACK500_20160328_153404_641_721.jpg,0.1,0,0,34260,34260,0,0,0.0,0.06070691700006137
local_epoch1,CRACK500_20160328_153404_641_721.jpg,0.25,0,0,34260,34260,0,0,0.0,0.06070691700006137
local_epoch1,CRACK500_20160328_153404_641_721.jpg,0.5,0,0,34260,34260,0,0,0.0,0.06070691700006137
local_epoch1,CRACK500_20160328_153536_641_1081.jpg,0.1,5977,3604,10163,16140,9581,1,0.3027248784440843,0.06051754199870629
local_epoch1,CRACK500_20160328_153536_641_1081.jpg,0.25,0,0,16140,16140,0,0,0.0,0.06051754199870629
local_epoch1,CRACK500_20160328_153536_641_1081.jpg,0.5,0,0,16140,16140,0,0,0.0,0.06051754199870629
local_epoch1,CRACK500_20160328_153553_1281_721.jpg,0.1,12360,1802,1637,13997,14162,1,0.7823279954427496,0.06139029200130608
local_epoch1,CRACK500_20160328_153553_1281_721.jpg,0.25,12360,1802,1637,13997,14162,1,0.7823279954427496,0.06139029200130608
local_epoch1,CRACK500_20160328_153553_1281_721.jpg,0.5,0,0,13997,13997,0,0,0.0,0.06139029200130608
local_epoch1,CRACK500_20160328_153556_1_361.jpg,0.1,13195,3366,1130,14325,16561,4,0.7458594765700074,0.06263195800420363
local_epoch1,CRACK500_20160328_153556_1_361.jpg,0.25,458,326,13867,14325,784,1,0.03126066480103747,0.06263195800420363
local_epoch1,CRACK500_20160328_153556_1_361.jpg,0.5,0,0,14325,14325,0,0,0.0,0.06263195800420363
local_epoch1,CRACK500_20160328_153706_1921_1.jpg,0.1,9646,2935,8077,17723,12581,1,0.46693774808790783,0.06381333399622235
local_epoch1,CRACK500_20160328_153706_1921_1.jpg,0.25,9646,2935,8077,17723,12581,1,0.46693774808790783,0.06381333399622235
local_epoch1,CRACK500_20160328_153706_1921_1.jpg,0.5,0,0,17723,17723,0,0,0.0,0.06381333399622235
local_epoch1,CRACK500_20160329_094010_641_721.jpg,0.1,7261,3008,710,7971,10269,2,0.6613534930321523,0.0604134589957539
local_epoch1,CRACK500_20160329_094010_641_721.jpg,0.25,7261,3008,710,7971,10269,2,0.6613534930321523,0.0604134589957539
local_epoch1,CRACK500_20160329_094010_641_721.jpg,0.5,0,0,7971,7971,0,0,0.0,0.0604134589957539
local_epoch1,CRACK500_20160329_101503_641_721.jpg,0.1,13221,6706,8165,21386,19927,2,0.470632208457924,0.06166804199892795
local_epoch1,CRACK500_20160329_101503_641_721.jpg,0.25,1539,1612,19847,21386,3151,1,0.06691886250978346,0.06166804199892795
local_epoch1,CRACK500_20160329_101503_641_721.jpg,0.5,0,0,21386,21386,0,0,0.0,0.06166804199892795
local_epoch1,CRACK500_20160329_104120_1_721.jpg,0.1,8530,2152,3924,12454,10682,2,0.5840065726413802,0.06073762499727309
local_epoch1,CRACK500_20160329_104120_1_721.jpg,0.25,8530,2152,3924,12454,10682,2,0.5840065726413802,0.06073762499727309
local_epoch1,CRACK500_20160329_104120_1_721.jpg,0.5,8530,2152,3924,12454,10682,2,0.5840065726413802,0.06073762499727309
local_epoch1,CRACK500_20160329_104152_641_721.jpg,0.1,13094,5065,948,14042,18159,3,0.6852985816716387,0.1311744999984512
local_epoch1,CRACK500_20160329_104152_641_721.jpg,0.25,12986,4942,1056,14042,17928,1,0.6840497260851243,0.1311744999984512
local_epoch1,CRACK500_20160329_104152_641_721.jpg,0.5,12986,4942,1056,14042,17928,1,0.6840497260851243,0.1311744999984512
local_epoch1,CRACK500_20160329_115529_1_721.jpg,0.1,24609,3723,8530,33139,28332,2,0.6675980684715968,0.095956582998042
local_epoch1,CRACK500_20160329_115529_1_721.jpg,0.25,24609,3330,8530,33139,27939,1,0.6747922893416326,0.095956582998042
local_epoch1,CRACK500_20160329_115529_1_721.jpg,0.5,24609,3330,8530,33139,27939,1,0.6747922893416326,0.095956582998042
local_epoch1,CRACK500_20160330_163725_641_1081.jpg,0.1,6347,3786,520,6867,10133,1,0.5957946118464282,0.08090583299781429
local_epoch1,CRACK500_20160330_163725_641_1081.jpg,0.25,6347,3786,520,6867,10133,1,0.5957946118464282,0.08090583299781429
local_epoch1,CRACK500_20160330_163725_641_1081.jpg,0.5,6347,3786,520,6867,10133,1,0.5957946118464282,0.08090583299781429
local_epoch1,CRACK500_20160330_165333_1921_1081.jpg,0.1,0,0,1704,1704,0,0,0.0,0.08662358300352935
local_epoch1,CRACK500_20160330_165333_1921_1081.jpg,0.25,0,0,1704,1704,0,0,0.0,0.08662358300352935
local_epoch1,CRACK500_20160330_165333_1921_1081.jpg,0.5,0,0,1704,1704,0,0,0.0,0.08662358300352935
local_epoch1,CRACK500_20160330_165644_641_1081.jpg,0.1,693,294,1951,2644,987,1,0.23587474472430225,0.07234162500390084
local_epoch1,CRACK500_20160330_165644_641_1081.jpg,0.25,0,0,2644,2644,0,0,0.0,0.07234162500390084
local_epoch1,CRACK500_20160330_165644_641_1081.jpg,0.5,0,0,2644,2644,0,0,0.0,0.07234162500390084
local_epoch1,CRACK500_20160330_170014_641_721.jpg,0.1,0,0,1833,1833,0,0,0.0,0.06273379200138152
local_epoch1,CRACK500_20160330_170014_641_721.jpg,0.25,0,0,1833,1833,0,0,0.0,0.06273379200138152
local_epoch1,CRACK500_20160330_170014_641_721.jpg,0.5,0,0,1833,1833,0,0,0.0,0.06273379200138152
local_epoch1,CRACK500_20160330_170308_1921_361.jpg,0.1,11915,291,5761,17676,12206,1,0.6631602382145043,0.062073957997199614
local_epoch1,CRACK500_20160330_170308_1921_361.jpg,0.25,11915,291,5761,17676,12206,1,0.6631602382145043,0.062073957997199614
local_epoch1,CRACK500_20160330_170308_1921_361.jpg,0.5,0,0,17676,17676,0,0,0.0,0.062073957997199614
local_epoch1,CRACK500_20160402_150110_1281_361.jpg,0.1,4428,798,881,5309,5226,1,0.7250695922711642,0.06248566599970218
local_epoch1,CRACK500_20160402_150110_1281_361.jpg,0.25,4428,798,881,5309,5226,1,0.7250695922711642,0.06248566599970218
local_epoch1,CRACK500_20160402_150110_1281_361.jpg,0.5,0,0,5309,5309,0,0,0.0,0.06248566599970218
local_epoch1,CRACK500_20160402_150300_1281_721.jpg,0.1,12445,6440,1140,13585,18885,3,0.6214731585518103,0.061871916994277854
local_epoch1,CRACK500_20160402_150300_1281_721.jpg,0.25,12291,6313,1294,13585,18604,1,0.6177002713840587,0.061871916994277854
local_epoch1,CRACK500_20160402_150300_1281_721.jpg,0.5,0,0,13585,13585,0,0,0.0,0.061871916994277854
local_epoch1,CRACK500_20160402_151054_1281_361.jpg,0.1,4770,1145,268,5038,5915,1,0.7714701601164483,0.0632787089998601
local_epoch1,CRACK500_20160402_151054_1281_361.jpg,0.25,4770,1145,268,5038,5915,1,0.7714701601164483,0.0632787089998601
local_epoch1,CRACK500_20160402_151054_1281_361.jpg,0.5,4770,1145,268,5038,5915,1,0.7714701601164483,0.0632787089998601
local_epoch1,CRACK500_20160407_163515_1281_721.jpg,0.1,7061,709,7834,14895,7770,2,0.4525121763650346,0.06421687499823747
local_epoch1,CRACK500_20160407_163515_1281_721.jpg,0.25,6858,627,8037,14895,7485,1,0.4418245071511403,0.06421687499823747
local_epoch1,CRACK500_20160407_163515_1281_721.jpg,0.5,0,0,14895,14895,0,0,0.0,0.06421687499823747
local_epoch1,CRACK500_20160407_165001_641_1081.jpg,0.1,643,119,1218,1861,762,2,0.32474747474747473,0.06202050000138115
local_epoch1,CRACK500_20160407_165001_641_1081.jpg,0.25,0,0,1861,1861,0,0,0.0,0.06202050000138115
local_epoch1,CRACK500_20160407_165001_641_1081.jpg,0.5,0,0,1861,1861,0,0,0.0,0.06202050000138115
local_epoch1,DeepCrack_11165-2.jpg,0.1,2016,3306,147,2163,5322,1,0.36862314865606144,0.06160091600031592
local_epoch1,DeepCrack_11165-2.jpg,0.25,2016,3306,147,2163,5322,1,0.36862314865606144,0.06160091600031592
local_epoch1,DeepCrack_11165-2.jpg,0.5,0,0,2163,2163,0,0,0.0,0.06160091600031592
local_epoch1,DeepCrack_11165.jpg,0.1,1847,2804,142,1989,4651,1,0.3853536407260588,0.06266341699665645
local_epoch1,DeepCrack_11165.jpg,0.25,0,0,1989,1989,0,0,0.0,0.06266341699665645
local_epoch1,DeepCrack_11165.jpg,0.5,0,0,1989,1989,0,0,0.0,0.06266341699665645
local_epoch1,DeepCrack_11188.jpg,0.1,1973,9268,91,2064,11241,1,0.17410871867278505,0.06371887499699369
local_epoch1,DeepCrack_11188.jpg,0.25,1973,9268,91,2064,11241,1,0.17410871867278505,0.06371887499699369
local_epoch1,DeepCrack_11188.jpg,0.5,0,0,2064,2064,0,0,0.0,0.06371887499699369
local_epoch1,DeepCrack_11197-4.jpg,0.1,5007,6592,685,5692,11599,1,0.40760338651904915,0.06221058400114998
local_epoch1,DeepCrack_11197-4.jpg,0.25,5007,6592,685,5692,11599,1,0.40760338651904915,0.06221058400114998
local_epoch1,DeepCrack_11197-4.jpg,0.5,5007,6592,685,5692,11599,1,0.40760338651904915,0.06221058400114998
local_epoch1,DeepCrack_11218-3.jpg,0.1,8658,1361,1645,10303,10019,1,0.7422839506172839,0.06272945899399929
local_epoch1,DeepCrack_11218-3.jpg,0.25,8658,1361,1645,10303,10019,1,0.7422839506172839,0.06272945899399929
local_epoch1,DeepCrack_11218-3.jpg,0.5,0,0,10303,10303,0,0,0.0,0.06272945899399929
local_epoch1,DeepCrack_11269-1.jpg,0.1,5273,10685,127,5400,15958,7,0.3278209511967672,0.06142362500395393
local_epoch1,DeepCrack_11269-1.jpg,0.25,5266,10305,134,5400,15571,5,0.33530722699777143,0.06142362500395393
local_epoch1,DeepCrack_11269-1.jpg,0.5,615,3232,4785,5400,3847,1,0.07124652455977758,0.06142362500395393
local_epoch1,DeepCrack_11294.jpg,0.1,76,940,2822,2898,1016,2,0.019801980198019802,0.06185691700375173
local_epoch1,DeepCrack_11294.jpg,0.25,0,0,2898,2898,0,0,0.0,0.06185691700375173
local_epoch1,DeepCrack_11294.jpg,0.5,0,0,2898,2898,0,0,0.0,0.06185691700375173
local_epoch1,DeepCrack_IMG33-16.jpg,0.1,3115,9037,535,3650,12152,1,0.2455269173169386,0.06010754199814983
local_epoch1,DeepCrack_IMG33-16.jpg,0.25,0,0,3650,3650,0,0,0.0,0.06010754199814983
local_epoch1,DeepCrack_IMG33-16.jpg,0.5,0,0,3650,3650,0,0,0.0,0.06010754199814983
local_epoch1,DeepCrack_IMG_6537-1.jpg,0.1,4553,2900,594,5147,7453,3,0.5658009195973654,0.059564000002865214
local_epoch1,DeepCrack_IMG_6537-1.jpg,0.25,0,0,5147,5147,0,0,0.0,0.059564000002865214
local_epoch1,DeepCrack_IMG_6537-1.jpg,0.5,0,0,5147,5147,0,0,0.0,0.059564000002865214
local_epoch1,GAPS384_train_0698_1_641.jpg,0.1,0,0,2872,2872,0,0,0.0,0.056562749996373896
local_epoch1,GAPS384_train_0698_1_641.jpg,0.25,0,0,2872,2872,0,0,0.0,0.056562749996373896
local_epoch1,GAPS384_train_0698_1_641.jpg,0.5,0,0,2872,2872,0,0,0.0,0.056562749996373896
local_epoch1,GAPS384_train_0799_541_1.jpg,0.1,0,0,1556,1556,0,0,0.0,0.058694416999060195
local_epoch1,GAPS384_train_0799_541_1.jpg,0.25,0,0,1556,1556,0,0,0.0,0.058694416999060195
local_epoch1,GAPS384_train_0799_541_1.jpg,0.5,0,0,1556,1556,0,0,0.0,0.058694416999060195
local_epoch1,GAPS384_train_1128_541_1.jpg,0.1,0,595,3036,3036,595,2,0.0,0.05989716699696146
local_epoch1,GAPS384_train_1128_541_1.jpg,0.25,0,0,3036,3036,0,0,0.0,0.05989716699696146
local_epoch1,GAPS384_train_1128_541_1.jpg,0.5,0,0,3036,3036,0,0,0.0,0.05989716699696146
local_epoch1,Rissbilder_for_Florian_9S6A2783_96_1214_3516_4173.jpg,0.1,5651,6034,1719,7370,11685,10,0.4215905699791107,0.06385729199973866
local_epoch1,Rissbilder_for_Florian_9S6A2783_96_1214_3516_4173.jpg,0.25,3086,2480,4284,7370,5566,3,0.3132994923857868,0.06385729199973866
local_epoch1,Rissbilder_for_Florian_9S6A2783_96_1214_3516_4173.jpg,0.5,2428,2033,4942,7370,4461,2,0.2582154631500585,0.06385729199973866
local_epoch1,Rissbilder_for_Florian_9S6A2785_493_901_3299_3768.jpg,0.1,328,349,9272,9600,677,1,0.032968137501256406,0.0612008749958477
local_epoch1,Rissbilder_for_Florian_9S6A2785_493_901_3299_3768.jpg,0.25,0,0,9600,9600,0,0,0.0,0.0612008749958477
local_epoch1,Rissbilder_for_Florian_9S6A2785_493_901_3299_3768.jpg,0.5,0,0,9600,9600,0,0,0.0,0.0612008749958477
local_epoch1,Rissbilder_for_Florian_9S6A2787_38_553_3789_4026.jpg,0.1,6187,4490,2943,9130,10677,3,0.45425844346549193,0.0606534170001396
local_epoch1,Rissbilder_for_Florian_9S6A2787_38_553_3789_4026.jpg,0.25,6177,4479,2953,9130,10656,2,0.45389080755382466,0.0606534170001396
local_epoch1,Rissbilder_for_Florian_9S6A2787_38_553_3789_4026.jpg,0.5,0,0,9130,9130,0,0,0.0,0.0606534170001396
local_epoch1,Rissbilder_for_Florian_9S6A2796_360_1209_3312_4152.jpg,0.1,5618,4798,2232,7850,10416,3,0.4441808981657179,0.06162716700055171
local_epoch1,Rissbilder_for_Florian_9S6A2796_360_1209_3312_4152.jpg,0.25,2697,1878,5153,7850,4575,1,0.2772409539473684,0.06162716700055171
local_epoch1,Rissbilder_for_Florian_9S6A2796_360_1209_3312_4152.jpg,0.5,0,0,7850,7850,0,0,0.0,0.06162716700055171
local_epoch1,Rissbilder_for_Florian_9S6A2798_697_1777_2994_3062.jpg,0.1,6925,9990,2045,8970,16915,1,0.3652426160337553,0.060720334004145116
local_epoch1,Rissbilder_for_Florian_9S6A2798_697_1777_2994_3062.jpg,0.25,0,0,8970,8970,0,0,0.0,0.060720334004145116
local_epoch1,Rissbilder_for_Florian_9S6A2798_697_1777_2994_3062.jpg,0.5,0,0,8970,8970,0,0,0.0,0.060720334004145116
local_epoch1,Rissbilder_for_Florian_9S6A2800_195_2531_3219_2684.jpg,0.1,2392,1402,707,3099,3794,1,0.5314374583425905,0.062119583002640866
local_epoch1,Rissbilder_for_Florian_9S6A2800_195_2531_3219_2684.jpg,0.25,2392,1402,707,3099,3794,1,0.5314374583425905,0.062119583002640866
local_epoch1,Rissbilder_for_Florian_9S6A2800_195_2531_3219_2684.jpg,0.5,2392,1402,707,3099,3794,1,0.5314374583425905,0.062119583002640866
local_epoch1,Rissbilder_for_Florian_9S6A2802_631_103_2560_2012.jpg,0.1,4470,2015,1300,5770,6485,1,0.5741811175337187,0.06147620800038567
local_epoch1,Rissbilder_for_Florian_9S6A2802_631_103_2560_2012.jpg,0.25,4470,2015,1300,5770,6485,1,0.5741811175337187,0.06147620800038567
local_epoch1,Rissbilder_for_Florian_9S6A2802_631_103_2560_2012.jpg,0.5,4470,2015,1300,5770,6485,1,0.5741811175337187,0.06147620800038567
local_epoch1,Rissbilder_for_Florian_9S6A2806_368_348_2093_2759.jpg,0.1,3262,3279,5265,8527,6541,3,0.2763001863459258,0.06209808300627628
local_epoch1,Rissbilder_for_Florian_9S6A2806_368_348_2093_2759.jpg,0.25,3208,3260,5319,8527,6468,2,0.2721642487486214,0.06209808300627628
local_epoch1,Rissbilder_for_Florian_9S6A2806_368_348_2093_2759.jpg,0.5,0,0,8527,8527,0,0,0.0,0.06209808300627628
local_epoch1,Rissbilder_for_Florian_9S6A2815_1237_159_3590_2891.jpg,0.1,2576,2158,496,3072,4734,1,0.4925430210325048,0.06110212500061607
local_epoch1,Rissbilder_for_Florian_9S6A2815_1237_159_3590_2891.jpg,0.25,0,0,3072,3072,0,0,0.0,0.06110212500061607
local_epoch1,Rissbilder_for_Florian_9S6A2815_1237_159_3590_2891.jpg,0.5,0,0,3072,3072,0,0,0.0,0.06110212500061607
local_epoch1,Rissbilder_for_Florian_9S6A2816_113_51_3722_4201.jpg,0.1,2200,1986,486,2686,4186,1,0.4708904109589041,0.06478375000006054
local_epoch1,Rissbilder_for_Florian_9S6A2816_113_51_3722_4201.jpg,0.25,0,0,2686,2686,0,0,0.0,0.06478375000006054
local_epoch1,Rissbilder_for_Florian_9S6A2816_113_51_3722_4201.jpg,0.5,0,0,2686,2686,0,0,0.0,0.06478375000006054
local_epoch1,Rissbilder_for_Florian_9S6A2816_1644_2004_1934_2558.jpg,0.1,2852,1524,697,3549,4376,1,0.5621919968460477,0.06485545900068246
local_epoch1,Rissbilder_for_Florian_9S6A2816_1644_2004_1934_2558.jpg,0.25,2852,1524,697,3549,4376,1,0.5621919968460477,0.06485545900068246
local_epoch1,Rissbilder_for_Florian_9S6A2816_1644_2004_1934_2558.jpg,0.5,0,0,3549,3549,0,0,0.0,0.06485545900068246
local_epoch1,Rissbilder_for_Florian_9S6A2826_65_1595_3304_2654.jpg,0.1,3931,3622,550,4481,7553,1,0.4851289645810194,0.06550645799870836
local_epoch1,Rissbilder_for_Florian_9S6A2826_65_1595_3304_2654.jpg,0.25,3931,3622,550,4481,7553,1,0.4851289645810194,0.06550645799870836
local_epoch1,Rissbilder_for_Florian_9S6A2826_65_1595_3304_2654.jpg,0.5,3931,3622,550,4481,7553,1,0.4851289645810194,0.06550645799870836
local_epoch1,Rissbilder_for_Florian_9S6A2830_715_2986_2996_2571.jpg,0.1,2715,7662,754,3469,10377,10,0.24391339502290899,0.06559612500132062
local_epoch1,Rissbilder_for_Florian_9S6A2830_715_2986_2996_2571.jpg,0.25,2701,1878,768,3469,4579,2,0.5051430708808677,0.06559612500132062
local_epoch1,Rissbilder_for_Florian_9S6A2830_715_2986_2996_2571.jpg,0.5,504,625,2965,3469,1129,1,0.12310698583292623,0.06559612500132062
local_epoch1,Rissbilder_for_Florian_9S6A2841_217_2299_3214_2878.jpg,0.1,4173,2873,1146,5319,7046,3,0.5093994140625,0.06190062499808846
local_epoch1,Rissbilder_for_Florian_9S6A2841_217_2299_3214_2878.jpg,0.25,4166,2869,1153,5319,7035,2,0.5087933561309234,0.06190062499808846
local_epoch1,Rissbilder_for_Florian_9S6A2841_217_2299_3214_2878.jpg,0.5,0,0,5319,5319,0,0,0.0,0.06190062499808846
local_epoch1,Rissbilder_for_Florian_9S6A2842_321_767_3019_3008.jpg,0.1,3568,3281,530,4098,6849,1,0.4835343542485432,0.06190058400534326
local_epoch1,Rissbilder_for_Florian_9S6A2842_321_767_3019_3008.jpg,0.25,3568,3281,530,4098,6849,1,0.4835343542485432,0.06190058400534326
local_epoch1,Rissbilder_for_Florian_9S6A2842_321_767_3019_3008.jpg,0.5,3568,3281,530,4098,6849,1,0.4835343542485432,0.06190058400534326
local_epoch1,Rissbilder_for_Florian_9S6A2842_635_1731_1931_2541.jpg,0.1,3044,1359,650,3694,4403,1,0.6024144072828023,0.06046924999827752
local_epoch1,Rissbilder_for_Florian_9S6A2842_635_1731_1931_2541.jpg,0.25,3044,1359,650,3694,4403,1,0.6024144072828023,0.06046924999827752
local_epoch1,Rissbilder_for_Florian_9S6A2842_635_1731_1931_2541.jpg,0.5,3044,1359,650,3694,4403,1,0.6024144072828023,0.06046924999827752
local_epoch1,Rissbilder_for_Florian_9S6A2858_24_161_2934_2248.jpg,0.1,0,0,0,0,0,0,,0.06048462499893503
local_epoch1,Rissbilder_for_Florian_9S6A2858_24_161_2934_2248.jpg,0.25,0,0,0,0,0,0,,0.06048462499893503
local_epoch1,Rissbilder_for_Florian_9S6A2858_24_161_2934_2248.jpg,0.5,0,0,0,0,0,0,,0.06048462499893503
local_epoch1,Rissbilder_for_Florian_9S6A2860_2652_869_3027_2537.jpg,0.1,3928,2100,1305,5233,6028,1,0.5356607118505387,0.06112212500011083
local_epoch1,Rissbilder_for_Florian_9S6A2860_2652_869_3027_2537.jpg,0.25,3928,2100,1305,5233,6028,1,0.5356607118505387,0.06112212500011083
local_epoch1,Rissbilder_for_Florian_9S6A2860_2652_869_3027_2537.jpg,0.5,3928,2100,1305,5233,6028,1,0.5356607118505387,0.06112212500011083
local_epoch1,Rissbilder_for_Florian_9S6A2863_423_3163_2502_2009.jpg,0.1,3975,2208,2323,6298,6183,1,0.46731718786738774,0.06104208400211064
local_epoch1,Rissbilder_for_Florian_9S6A2863_423_3163_2502_2009.jpg,0.25,3975,2208,2323,6298,6183,1,0.46731718786738774,0.06104208400211064
local_epoch1,Rissbilder_for_Florian_9S6A2863_423_3163_2502_2009.jpg,0.5,3975,2208,2323,6298,6183,1,0.46731718786738774,0.06104208400211064
local_epoch1,Rissbilder_for_Florian_9S6A2864_0_0_3840_5760.jpg,0.1,957,2076,1444,2401,3033,2,0.21375921375921375,0.06100308299937751
local_epoch1,Rissbilder_for_Florian_9S6A2864_0_0_3840_5760.jpg,0.25,0,1261,2401,2401,1261,1,0.0,0.06100308299937751
local_epoch1,Rissbilder_for_Florian_9S6A2864_0_0_3840_5760.jpg,0.5,0,0,2401,2401,0,0,0.0,0.06100308299937751
local_epoch1,Rissbilder_for_Florian_9S6A2865_415_206_2924_3039.jpg,0.1,2596,2272,441,3037,4868,1,0.48898097570163873,0.0613888749940088
local_epoch1,Rissbilder_for_Florian_9S6A2865_415_206_2924_3039.jpg,0.25,2596,2272,441,3037,4868,1,0.48898097570163873,0.0613888749940088
local_epoch1,Rissbilder_for_Florian_9S6A2865_415_206_2924_3039.jpg,0.5,0,0,3037,3037,0,0,0.0,0.0613888749940088
local_epoch1,Rissbilder_for_Florian_9S6A2888_133_918_3617_3712.jpg,0.1,3905,3047,762,4667,6952,1,0.5062224526834327,0.060459000000264496
local_epoch1,Rissbilder_for_Florian_9S6A2888_133_918_3617_3712.jpg,0.25,3905,3047,762,4667,6952,1,0.5062224526834327,0.060459000000264496
local_epoch1,Rissbilder_for_Florian_9S6A2888_133_918_3617_3712.jpg,0.5,0,0,4667,4667,0,0,0.0,0.060459000000264496
local_epoch1,Rissbilder_for_Florian_9S6A2895_46_163_3635_3331.jpg,0.1,2517,2000,692,3209,4517,1,0.483202150124784,0.05699750000349013
local_epoch1,Rissbilder_for_Florian_9S6A2895_46_163_3635_3331.jpg,0.25,2517,2000,692,3209,4517,1,0.483202150124784,0.05699750000349013
local_epoch1,Rissbilder_for_Florian_9S6A2895_46_163_3635_3331.jpg,0.5,0,0,3209,3209,0,0,0.0,0.05699750000349013
local_epoch1,Rissbilder_for_Florian_9S6A2914_864_1519_2861_3089.jpg,0.1,3328,1947,5810,9138,5275,2,0.3002255299954894,0.05819204200088279
local_epoch1,Rissbilder_for_Florian_9S6A2914_864_1519_2861_3089.jpg,0.25,3328,1947,5810,9138,5275,2,0.3002255299954894,0.05819204200088279
local_epoch1,Rissbilder_for_Florian_9S6A2914_864_1519_2861_3089.jpg,0.5,1710,1023,7428,9138,2733,1,0.1682905225863596,0.05819204200088279
local_epoch1,Rissbilder_for_Florian_9S6A2916_2449_405_2485_3276.jpg,0.1,3743,2687,1526,5269,6430,1,0.47046254399195575,0.05963224999868544
local_epoch1,Rissbilder_for_Florian_9S6A2916_2449_405_2485_3276.jpg,0.25,3743,2687,1526,5269,6430,1,0.47046254399195575,0.05963224999868544
local_epoch1,Rissbilder_for_Florian_9S6A2916_2449_405_2485_3276.jpg,0.5,0,0,5269,5269,0,0,0.0,0.05963224999868544
local_epoch1,Rissbilder_for_Florian_9S6A3087_146_59_3684_4477.jpg,0.1,7076,6433,1838,8914,13509,5,0.4610673095719033,0.06192583299707621
local_epoch1,Rissbilder_for_Florian_9S6A3087_146_59_3684_4477.jpg,0.25,7065,6420,1849,8914,13485,2,0.4607408373548976,0.06192583299707621
local_epoch1,Rissbilder_for_Florian_9S6A3087_146_59_3684_4477.jpg,0.5,3253,2820,5661,8914,6073,1,0.27722856655871825,0.06192583299707621
local_epoch1,Rissbilder_for_Florian_9S6A3094_17_1195_3751_3661.jpg,0.1,2499,2393,3378,5877,4892,3,0.30217654171704955,0.06008829200436594
local_epoch1,Rissbilder_for_Florian_9S6A3094_17_1195_3751_3661.jpg,0.25,2499,2393,3378,5877,4892,2,0.30217654171704955,0.06008829200436594
local_epoch1,Rissbilder_for_Florian_9S6A3094_17_1195_3751_3661.jpg,0.5,0,0,5877,5877,0,0,0.0,0.06008829200436594
local_epoch1,Rissbilder_for_Florian_9S6A3098_1300_3220_2283_2309.jpg,0.1,3231,1542,1189,4420,4773,2,0.5419322375041932,0.05985408400010783
local_epoch1,Rissbilder_for_Florian_9S6A3098_1300_3220_2283_2309.jpg,0.25,3227,1537,1193,4420,4764,1,0.5417156286721504,0.05985408400010783
local_epoch1,Rissbilder_for_Florian_9S6A3098_1300_3220_2283_2309.jpg,0.5,0,0,4420,4420,0,0,0.0,0.05985408400010783
local_epoch1,Rissbilder_for_Florian_9S6A3100_765_387_2677_2632.jpg,0.1,3249,2008,939,4188,5257,1,0.5243705616526791,0.059392000002844725
local_epoch1,Rissbilder_for_Florian_9S6A3100_765_387_2677_2632.jpg,0.25,3249,2008,939,4188,5257,1,0.5243705616526791,0.059392000002844725
local_epoch1,Rissbilder_for_Florian_9S6A3100_765_387_2677_2632.jpg,0.5,3249,2008,939,4188,5257,1,0.5243705616526791,0.059392000002844725
local_epoch1,Rissbilder_for_Florian_9S6A3105_186_619_3616_4246.jpg,0.1,3938,3948,1070,5008,7886,3,0.43970522554711927,0.05900074999954086
local_epoch1,Rissbilder_for_Florian_9S6A3105_186_619_3616_4246.jpg,0.25,3938,3948,1070,5008,7886,3,0.43970522554711927,0.05900074999954086
local_epoch1,Rissbilder_for_Florian_9S6A3105_186_619_3616_4246.jpg,0.5,3233,3335,1775,5008,6568,1,0.3875104878341124,0.05900074999954086
local_epoch1,Rissbilder_for_Florian_9S6A3111_42_1509_3500_3908.jpg,0.1,8054,8095,846,8900,16149,2,0.47390408943807,0.059196499998506624
local_epoch1,Rissbilder_for_Florian_9S6A3111_42_1509_3500_3908.jpg,0.25,8054,8095,846,8900,16149,2,0.47390408943807,0.059196499998506624
local_epoch1,Rissbilder_for_Florian_9S6A3111_42_1509_3500_3908.jpg,0.5,8047,8081,853,8900,16128,1,0.4738825746422472,0.059196499998506624
local_epoch1,Rissbilder_for_Florian_9S6A3120_875_1120_2089_2571.jpg,0.1,3123,1845,1212,4335,4968,2,0.5053398058252427,0.06005158399784705
local_epoch1,Rissbilder_for_Florian_9S6A3120_875_1120_2089_2571.jpg,0.25,3123,1121,1212,4335,4244,1,0.5723973607038123,0.06005158399784705
local_epoch1,Rissbilder_for_Florian_9S6A3120_875_1120_2089_2571.jpg,0.5,3123,1121,1212,4335,4244,1,0.5723973607038123,0.06005158399784705
local_epoch1,Rissbilder_for_Florian_9S6A3121_408_826_2841_3663.jpg,0.1,4150,2613,3314,7464,6763,1,0.4118289173365089,0.0677462910025497
local_epoch1,Rissbilder_for_Florian_9S6A3121_408_826_2841_3663.jpg,0.25,4150,2613,3314,7464,6763,1,0.4118289173365089,0.0677462910025497
local_epoch1,Rissbilder_for_Florian_9S6A3121_408_826_2841_3663.jpg,0.5,0,0,7464,7464,0,0,0.0,0.0677462910025497
local_epoch1,Rissbilder_for_Florian_9S6A3130_190_1907_3510_2920.jpg,0.1,3636,3376,780,4416,7012,1,0.46663244353182753,0.06704379099392099
local_epoch1,Rissbilder_for_Florian_9S6A3130_190_1907_3510_2920.jpg,0.25,3636,3376,780,4416,7012,1,0.46663244353182753,0.06704379099392099
local_epoch1,Rissbilder_for_Florian_9S6A3130_190_1907_3510_2920.jpg,0.5,3636,3376,780,4416,7012,1,0.46663244353182753,0.06704379099392099
local_epoch1,Rissbilder_for_Florian_9S6A3130_741_2592_3069_3082.jpg,0.1,3112,2446,595,3707,5558,1,0.5057695433122055,0.0692786250001518
local_epoch1,Rissbilder_for_Florian_9S6A3130_741_2592_3069_3082.jpg,0.25,3112,2446,595,3707,5558,1,0.5057695433122055,0.0692786250001518
local_epoch1,Rissbilder_for_Florian_9S6A3130_741_2592_3069_3082.jpg,0.5,0,0,3707,3707,0,0,0.0,0.0692786250001518
local_epoch1,Rissbilder_for_Florian_9S6A3134_76_855_3718_4555.jpg,0.1,2155,1593,714,2869,3748,1,0.48296727924697447,0.061445916995580774
local_epoch1,Rissbilder_for_Florian_9S6A3134_76_855_3718_4555.jpg,0.25,0,0,2869,2869,0,0,0.0,0.061445916995580774
local_epoch1,Rissbilder_for_Florian_9S6A3134_76_855_3718_4555.jpg,0.5,0,0,2869,2869,0,0,0.0,0.061445916995580774
local_epoch1,Sylvie_Chambon_062.jpg,0.1,6039,0,11938,17977,6039,1,0.33592924292151083,0.06187099999806378
local_epoch1,Sylvie_Chambon_062.jpg,0.25,0,0,17977,17977,0,0,0.0,0.06187099999806378
local_epoch1,Sylvie_Chambon_062.jpg,0.5,0,0,17977,17977,0,0,0.0,0.06187099999806378
local_epoch1,Volker_DSC01610_123_687_1549_1614.jpg,0.1,5226,949,1462,6688,6175,1,0.6843001178473223,0.06223162500100443
local_epoch1,Volker_DSC01610_123_687_1549_1614.jpg,0.25,5226,949,1462,6688,6175,1,0.6843001178473223,0.06223162500100443
local_epoch1,Volker_DSC01610_123_687_1549_1614.jpg,0.5,0,0,6688,6688,0,0,0.0,0.06223162500100443
local_epoch1,Volker_DSC01628_0_0_1824_2736.jpg,0.1,3506,967,1462,4968,4473,2,0.5907329401853412,0.06077825000102166
local_epoch1,Volker_DSC01628_0_0_1824_2736.jpg,0.25,3499,963,1469,4968,4462,1,0.5899511043668858,0.06077825000102166
local_epoch1,Volker_DSC01628_0_0_1824_2736.jpg,0.5,3499,963,1469,4968,4462,1,0.5899511043668858,0.06077825000102166
local_epoch1,Volker_DSC01628_628_1158_1128_1084.jpg,0.1,3661,742,3386,7047,4403,5,0.47002182565155987,0.06039700000110315
local_epoch1,Volker_DSC01628_628_1158_1128_1084.jpg,0.25,3637,738,3410,7047,4375,2,0.4671804752729608,0.06039700000110315
local_epoch1,Volker_DSC01628_628_1158_1128_1084.jpg,0.5,0,0,7047,7047,0,0,0.0,0.06039700000110315
local_epoch1,Volker_DSC01634_192_653_1400_1605.jpg,0.1,8901,4321,3376,12277,13222,1,0.5362694300518135,0.061011624995444436
local_epoch1,Volker_DSC01634_192_653_1400_1605.jpg,0.25,0,0,12277,12277,0,0,0.0,0.061011624995444436
local_epoch1,Volker_DSC01634_192_653_1400_1605.jpg,0.5,0,0,12277,12277,0,0,0.0,0.061011624995444436
local_epoch1,Volker_DSC01634_193_315_1605_1896.jpg,0.1,8595,4550,2244,10839,13145,1,0.5585158229904478,0.06104462499934016
local_epoch1,Volker_DSC01634_193_315_1605_1896.jpg,0.25,0,0,10839,10839,0,0,0.0,0.06104462499934016
local_epoch1,Volker_DSC01634_193_315_1605_1896.jpg,0.5,0,0,10839,10839,0,0,0.0,0.06104462499934016
local_epoch1,Volker_DSC01636_1084_9_1476_1810.jpg,0.1,5287,1425,1319,6606,6712,1,0.6583239945212302,0.06123274999845307
local_epoch1,Volker_DSC01636_1084_9_1476_1810.jpg,0.25,5287,1425,1319,6606,6712,1,0.6583239945212302,0.06123274999845307
local_epoch1,Volker_DSC01636_1084_9_1476_1810.jpg,0.5,0,0,6606,6606,0,0,0.0,0.06123274999845307
local_epoch1,Volker_DSC01641_437_407_1733_1413.jpg,0.1,6521,1298,2730,9251,7819,2,0.6181628590387714,0.060814374999608845
local_epoch1,Volker_DSC01641_437_407_1733_1413.jpg,0.25,6084,1260,3167,9251,7344,1,0.5788221862810389,0.060814374999608845
local_epoch1,Volker_DSC01641_437_407_1733_1413.jpg,0.5,6084,1260,3167,9251,7344,1,0.5788221862810389,0.060814374999608845
local_epoch1,Volker_DSC01643_1311_276_1242_1009.jpg,0.1,5764,316,2814,8578,6080,1,0.6480773555205757,0.06245887499972014
local_epoch1,Volker_DSC01643_1311_276_1242_1009.jpg,0.25,5764,316,2814,8578,6080,1,0.6480773555205757,0.06245887499972014
local_epoch1,Volker_DSC01643_1311_276_1242_1009.jpg,0.5,5764,316,2814,8578,6080,1,0.6480773555205757,0.06245887499972014
local_epoch1,Volker_DSC01652_699_100_1925_1592.jpg,0.1,5625,1576,1154,6779,7201,1,0.6732495511669659,0.06202120799571276
local_epoch1,Volker_DSC01652_699_100_1925_1592.jpg,0.25,0,0,6779,6779,0,0,0.0,0.06202120799571276
local_epoch1,Volker_DSC01652_699_100_1925_1592.jpg,0.5,0,0,6779,6779,0,0,0.0,0.06202120799571276
local_epoch1,Volker_DSC01658_167_371_1635_1643.jpg,0.1,4362,838,2089,6451,5200,1,0.5984359994512278,0.062418665998848155
local_epoch1,Volker_DSC01658_167_371_1635_1643.jpg,0.25,4362,838,2089,6451,5200,1,0.5984359994512278,0.062418665998848155
local_epoch1,Volker_DSC01658_167_371_1635_1643.jpg,0.5,4362,838,2089,6451,5200,1,0.5984359994512278,0.062418665998848155
local_epoch1,Volker_DSC01670_3_833_1821_1836.jpg,0.1,5117,2334,1187,6304,7451,3,0.5923824959481362,0.060036583003238775
local_epoch1,Volker_DSC01670_3_833_1821_1836.jpg,0.25,3031,839,3273,6304,3870,1,0.4243315133697326,0.060036583003238775
local_epoch1,Volker_DSC01670_3_833_1821_1836.jpg,0.5,3031,839,3273,6304,3870,1,0.4243315133697326,0.060036583003238775
local_epoch1,Volker_DSC01677_26_956_1697_1698.jpg,0.1,6919,1179,2147,9066,8098,2,0.6753538311371401,0.058456457998545375
local_epoch1,Volker_DSC01677_26_956_1697_1698.jpg,0.25,6868,1079,2198,9066,7947,1,0.6769837358304583,0.058456457998545375
local_epoch1,Volker_DSC01677_26_956_1697_1698.jpg,0.5,6868,1079,2198,9066,7947,1,0.6769837358304583,0.058456457998545375
local_epoch1,Volker_DSC01685_252_569_1566_2047.jpg,0.1,3414,546,1958,5372,3960,1,0.5768840824602907,0.062094958004308864
local_epoch1,Volker_DSC01685_252_569_1566_2047.jpg,0.25,3414,546,1958,5372,3960,1,0.5768840824602907,0.062094958004308864
local_epoch1,Volker_DSC01685_252_569_1566_2047.jpg,0.5,0,0,5372,5372,0,0,0.0,0.062094958004308864
local_epoch1,Volker_DSC01687_256_1075_1494_1234.jpg,0.1,5525,2088,1482,7007,7613,1,0.6074766355140186,0.06085358400014229
local_epoch1,Volker_DSC01687_256_1075_1494_1234.jpg,0.25,5525,2088,1482,7007,7613,1,0.6074766355140186,0.06085358400014229
local_epoch1,Volker_DSC01687_256_1075_1494_1234.jpg,0.5,5525,2088,1482,7007,7613,1,0.6074766355140186,0.06085358400014229
local_epoch1,Volker_DSC01693_1323_467_1353_1116.jpg,0.1,5111,213,3309,8420,5324,1,0.592030580331287,0.06036929099354893
local_epoch1,Volker_DSC01693_1323_467_1353_1116.jpg,0.25,5111,213,3309,8420,5324,1,0.592030580331287,0.06036929099354893
local_epoch1,Volker_DSC01693_1323_467_1353_1116.jpg,0.5,5111,213,3309,8420,5324,1,0.592030580331287,0.06036929099354893
local_epoch1,Volker_DSC01707_44_131_1757_2144.jpg,0.1,2642,560,2046,4688,3202,1,0.5034298780487805,0.061118875004467554
local_epoch1,Volker_DSC01707_44_131_1757_2144.jpg,0.25,2642,560,2046,4688,3202,1,0.5034298780487805,0.061118875004467554
local_epoch1,Volker_DSC01707_44_131_1757_2144.jpg,0.5,2642,560,2046,4688,3202,1,0.5034298780487805,0.061118875004467554
local_epoch1,cracktree200_6234.jpg,0.1,27,284,562,589,311,1,0.030927835051546393,0.06188962499436457
local_epoch1,cracktree200_6234.jpg,0.25,0,0,589,589,0,0,0.0,0.06188962499436457
local_epoch1,cracktree200_6234.jpg,0.5,0,0,589,589,0,0,0.0,0.06188962499436457
local_epoch1,cracktree200_6243.jpg,0.1,719,10009,1225,1944,10728,5,0.06015226303020162,0.06282537500374019
local_epoch1,cracktree200_6243.jpg,0.25,42,415,1902,1944,457,1,0.017804154302670624,0.06282537500374019
local_epoch1,cracktree200_6243.jpg,0.5,0,0,1944,1944,0,0,0.0,0.06282537500374019
local_epoch1,cracktree200_6266.jpg,0.1,0,0,547,547,0,0,0.0,0.06586783400416607
local_epoch1,cracktree200_6266.jpg,0.25,0,0,547,547,0,0,0.0,0.06586783400416607
local_epoch1,cracktree200_6266.jpg,0.5,0,0,547,547,0,0,0.0,0.06586783400416607
local_epoch1,forest_006.jpg,0.1,1556,1283,709,2265,2839,2,0.43855693348365277,0.06658975000027567
local_epoch1,forest_006.jpg,0.25,0,0,2265,2265,0,0,0.0,0.06658975000027567
local_epoch1,forest_006.jpg,0.5,0,0,2265,2265,0,0,0.0,0.06658975000027567
local_epoch1,forest_048.jpg,0.1,0,0,2436,2436,0,0,0.0,0.05977670800348278
local_epoch1,forest_048.jpg,0.25,0,0,2436,2436,0,0,0.0,0.05977670800348278
local_epoch1,forest_048.jpg,0.5,0,0,2436,2436,0,0,0.0,0.05977670800348278
local_epoch1,noncrack_noncrack_concrete_wall_12_3.jpg.jpg,0.1,0,0,0,0,0,0,,0.06098724999901606
local_epoch1,noncrack_noncrack_concrete_wall_12_3.jpg.jpg,0.25,0,0,0,0,0,0,,0.06098724999901606
local_epoch1,noncrack_noncrack_concrete_wall_12_3.jpg.jpg,0.5,0,0,0,0,0,0,,0.06098724999901606
local_epoch1,noncrack_noncrack_concrete_wall_12_9.jpg.jpg,0.1,0,0,0,0,0,0,,0.06015737499546958
local_epoch1,noncrack_noncrack_concrete_wall_12_9.jpg.jpg,0.25,0,0,0,0,0,0,,0.06015737499546958
local_epoch1,noncrack_noncrack_concrete_wall_12_9.jpg.jpg,0.5,0,0,0,0,0,0,,0.06015737499546958
local_epoch1,noncrack_noncrack_concrete_wall_18_19.jpg.jpg,0.1,0,0,0,0,0,0,,0.06141175000084331
local_epoch1,noncrack_noncrack_concrete_wall_18_19.jpg.jpg,0.25,0,0,0,0,0,0,,0.06141175000084331
local_epoch1,noncrack_noncrack_concrete_wall_18_19.jpg.jpg,0.5,0,0,0,0,0,0,,0.06141175000084331
local_epoch1,noncrack_noncrack_concrete_wall_20_1.jpg.jpg,0.1,0,0,0,0,0,0,,0.06183220799721312
local_epoch1,noncrack_noncrack_concrete_wall_20_1.jpg.jpg,0.25,0,0,0,0,0,0,,0.06183220799721312
local_epoch1,noncrack_noncrack_concrete_wall_20_1.jpg.jpg,0.5,0,0,0,0,0,0,,0.06183220799721312
local_epoch1,noncrack_noncrack_concrete_wall_20_32.jpg.jpg,0.1,0,0,0,0,0,0,,0.06684054200013634
local_epoch1,noncrack_noncrack_concrete_wall_20_32.jpg.jpg,0.25,0,0,0,0,0,0,,0.06684054200013634
local_epoch1,noncrack_noncrack_concrete_wall_20_32.jpg.jpg,0.5,0,0,0,0,0,0,,0.06684054200013634
local_epoch1,noncrack_noncrack_concrete_wall_40_5.jpg.jpg,0.1,0,0,0,0,0,0,,0.057034417004615534
local_epoch1,noncrack_noncrack_concrete_wall_40_5.jpg.jpg,0.25,0,0,0,0,0,0,,0.057034417004615534
local_epoch1,noncrack_noncrack_concrete_wall_40_5.jpg.jpg,0.5,0,0,0,0,0,0,,0.057034417004615534
local_epoch1,noncrack_noncrack_concrete_wall_41_48.jpg.jpg,0.1,0,0,0,0,0,0,,0.05789770800038241
local_epoch1,noncrack_noncrack_concrete_wall_41_48.jpg.jpg,0.25,0,0,0,0,0,0,,0.05789770800038241
local_epoch1,noncrack_noncrack_concrete_wall_41_48.jpg.jpg,0.5,0,0,0,0,0,0,,0.05789770800038241
local_epoch1,noncrack_noncrack_concrete_wall_43_34.jpg.jpg,0.1,0,0,0,0,0,0,,0.05697029199654935
local_epoch1,noncrack_noncrack_concrete_wall_43_34.jpg.jpg,0.25,0,0,0,0,0,0,,0.05697029199654935
local_epoch1,noncrack_noncrack_concrete_wall_43_34.jpg.jpg,0.5,0,0,0,0,0,0,,0.05697029199654935
local_epoch1,noncrack_noncrack_concrete_wall_46_8.jpg.jpg,0.1,0,0,0,0,0,0,,0.05896970799949486
local_epoch1,noncrack_noncrack_concrete_wall_46_8.jpg.jpg,0.25,0,0,0,0,0,0,,0.05896970799949486
local_epoch1,noncrack_noncrack_concrete_wall_46_8.jpg.jpg,0.5,0,0,0,0,0,0,,0.05896970799949486
local_epoch1,noncrack_noncrack_concrete_wall_49_4.jpg.jpg,0.1,0,0,0,0,0,0,,0.06018341599701671
local_epoch1,noncrack_noncrack_concrete_wall_49_4.jpg.jpg,0.25,0,0,0,0,0,0,,0.06018341599701671
local_epoch1,noncrack_noncrack_concrete_wall_49_4.jpg.jpg,0.5,0,0,0,0,0,0,,0.06018341599701671
local_epoch1,noncrack_noncrack_concrete_wall_75_0.jpg.jpg,0.1,0,0,0,0,0,0,,0.06132874999457272
local_epoch1,noncrack_noncrack_concrete_wall_75_0.jpg.jpg,0.25,0,0,0,0,0,0,,0.06132874999457272
local_epoch1,noncrack_noncrack_concrete_wall_75_0.jpg.jpg,0.5,0,0,0,0,0,0,,0.06132874999457272
local_epoch1,noncrack_noncrack_concrete_wall_75_24.jpg.jpg,0.1,0,0,0,0,0,0,,0.05949095799587667
local_epoch1,noncrack_noncrack_concrete_wall_75_24.jpg.jpg,0.25,0,0,0,0,0,0,,0.05949095799587667
local_epoch1,noncrack_noncrack_concrete_wall_75_24.jpg.jpg,0.5,0,0,0,0,0,0,,0.05949095799587667
local_epoch1,noncrack_noncrack_concrete_wall_76_22.jpg.jpg,0.1,0,0,0,0,0,0,,0.06009537499630824
local_epoch1,noncrack_noncrack_concrete_wall_76_22.jpg.jpg,0.25,0,0,0,0,0,0,,0.06009537499630824
local_epoch1,noncrack_noncrack_concrete_wall_76_22.jpg.jpg,0.5,0,0,0,0,0,0,,0.06009537499630824
local_epoch1,noncrack_noncrack_concrete_wall_76_5.jpg.jpg,0.1,0,0,0,0,0,0,,0.059687041997676715
local_epoch1,noncrack_noncrack_concrete_wall_76_5.jpg.jpg,0.25,0,0,0,0,0,0,,0.059687041997676715
local_epoch1,noncrack_noncrack_concrete_wall_76_5.jpg.jpg,0.5,0,0,0,0,0,0,,0.059687041997676715
local_epoch1,noncrack_noncrack_concrete_wall_93_5.jpg.jpg,0.1,0,0,0,0,0,0,,0.060575167000934016
local_epoch1,noncrack_noncrack_concrete_wall_93_5.jpg.jpg,0.25,0,0,0,0,0,0,,0.060575167000934016
local_epoch1,noncrack_noncrack_concrete_wall_93_5.jpg.jpg,0.5,0,0,0,0,0,0,,0.060575167000934016
